image_id,label,variety,age
100234.jpg,bacterial_leaf_blight,ADT45,60
102639.jpg,bacterial_leaf_blight,ADT45,68
103048.jpg,bacterial_leaf_blight,ADT45,72
104430.jpg,bacterial_leaf_blight,ADT45,68
103276.jpg,bacterial_leaf_blight,ADT45,72
104657.jpg,bacterial_leaf_blight,ADT45,68
108429.jpg,bacterial_leaf_blight,ADT45,72
103552.jpg,bacterial_leaf_blight,ADT45,55
105031.jpg,bacterial_leaf_blight,ADT45,72
110292.jpg,bacterial_leaf_blight,ADT45,72
100632.jpg,bacterial_leaf_blight,ADT45,45
103615.jpg,bacterial_leaf_blight,ADT45,55
107761.jpg,bacterial_leaf_blight,ADT45,72
106934.jpg,bacterial_leaf_blight,ADT45,55
104255.jpg,bacterial_leaf_blight,ADT45,50
102190.jpg,bacterial_leaf_blight,ADT45,50
100248.jpg,bacterial_leaf_blight,Ponni,47
108748.jpg,bacterial_leaf_blight,ADT45,50
107873.jpg,bacterial_leaf_blight,ADT45,72
101938.jpg,bacterial_leaf_blight,ADT45,72
101800.jpg,bacterial_leaf_blight,ADT45,72
110277.jpg,bacterial_leaf_blight,KarnatakaPonni,50
104535.jpg,bacterial_leaf_blight,ADT45,72
103923.jpg,bacterial_leaf_blight,ADT45,72
105008.jpg,bacterial_leaf_blight,ADT45,55
106395.jpg,bacterial_leaf_blight,ADT45,55
104175.jpg,bacterial_leaf_blight,ADT45,65
109121.jpg,bacterial_leaf_blight,Ponni,47
105273.jpg,bacterial_leaf_blight,ADT45,50
101702.jpg,bacterial_leaf_blight,ADT45,55
104401.jpg,bacterial_leaf_blight,ADT45,72
104108.jpg,bacterial_leaf_blight,ADT45,50
106117.jpg,bacterial_leaf_blight,ADT45,72
103637.jpg,bacterial_leaf_blight,ADT45,72
100542.jpg,bacterial_leaf_blight,ADT45,72
104635.jpg,bacterial_leaf_blight,ADT45,72
103392.jpg,bacterial_leaf_blight,ADT45,55
110079.jpg,bacterial_leaf_blight,ADT45,55
108697.jpg,bacterial_leaf_blight,ADT45,55
101768.jpg,bacterial_leaf_blight,ADT45,72
109995.jpg,bacterial_leaf_blight,ADT45,55
109306.jpg,bacterial_leaf_blight,ADT45,50
100733.jpg,bacterial_leaf_blight,ADT45,72
108056.jpg,bacterial_leaf_blight,ADT45,72
107928.jpg,bacterial_leaf_blight,ADT45,68
101169.jpg,bacterial_leaf_blight,ADT45,55
107178.jpg,bacterial_leaf_blight,ADT45,55
104702.jpg,bacterial_leaf_blight,ADT45,50
110315.jpg,bacterial_leaf_blight,Ponni,47
100289.jpg,bacterial_leaf_blight,ADT45,55
102259.jpg,bacterial_leaf_blight,ADT45,55
108884.jpg,bacterial_leaf_blight,ADT45,55
104778.jpg,bacterial_leaf_blight,IR20,50
107493.jpg,bacterial_leaf_blight,ADT45,55
109975.jpg,bacterial_leaf_blight,ADT45,72
106698.jpg,bacterial_leaf_blight,Zonal,70
102167.jpg,bacterial_leaf_blight,ADT45,55
103187.jpg,bacterial_leaf_blight,Onthanel,70
103435.jpg,bacterial_leaf_blight,ADT45,50
101406.jpg,bacterial_leaf_blight,ADT45,55
109196.jpg,bacterial_leaf_blight,ADT45,55
105532.jpg,bacterial_leaf_blight,ADT45,72
105443.jpg,bacterial_leaf_blight,ADT45,50
109666.jpg,bacterial_leaf_blight,Ponni,47
106280.jpg,bacterial_leaf_blight,ADT45,55
102659.jpg,bacterial_leaf_blight,ADT45,68
108552.jpg,bacterial_leaf_blight,ADT45,72
104018.jpg,bacterial_leaf_blight,Ponni,47
104799.jpg,bacterial_leaf_blight,ADT45,55
109304.jpg,bacterial_leaf_blight,ADT45,65
106005.jpg,bacterial_leaf_blight,ADT45,72
108257.jpg,bacterial_leaf_blight,ADT45,60
110320.jpg,bacterial_leaf_blight,ADT45,72
108129.jpg,bacterial_leaf_blight,ADT45,72
103458.jpg,bacterial_leaf_blight,ADT45,60
105426.jpg,bacterial_leaf_blight,ADT45,55
102106.jpg,bacterial_leaf_blight,ADT45,72
106615.jpg,bacterial_leaf_blight,ADT45,72
101485.jpg,bacterial_leaf_blight,ADT45,55
102130.jpg,bacterial_leaf_blight,ADT45,55
100795.jpg,bacterial_leaf_blight,ADT45,50
104639.jpg,bacterial_leaf_blight,ADT45,72
100622.jpg,bacterial_leaf_blight,ADT45,50
109940.jpg,bacterial_leaf_blight,KarnatakaPonni,50
108150.jpg,bacterial_leaf_blight,Ponni,47
106629.jpg,bacterial_leaf_blight,ADT45,55
103734.jpg,bacterial_leaf_blight,ADT45,50
100582.jpg,bacterial_leaf_blight,Ponni,47
104092.jpg,bacterial_leaf_blight,ADT45,55
101780.jpg,bacterial_leaf_blight,ADT45,50
110022.jpg,bacterial_leaf_blight,ADT45,60
108353.jpg,bacterial_leaf_blight,ADT45,50
104428.jpg,bacterial_leaf_blight,ADT45,72
109831.jpg,bacterial_leaf_blight,ADT45,60
107643.jpg,bacterial_leaf_blight,IR20,50
101652.jpg,bacterial_leaf_blight,ADT45,68
108828.jpg,bacterial_leaf_blight,ADT45,60
105236.jpg,bacterial_leaf_blight,ADT45,72
104448.jpg,bacterial_leaf_blight,IR20,50
101930.jpg,bacterial_leaf_blight,ADT45,50
103169.jpg,bacterial_leaf_blight,ADT45,65
107998.jpg,bacterial_leaf_blight,ADT45,55
100133.jpg,bacterial_leaf_blight,ADT45,65
105544.jpg,bacterial_leaf_blight,ADT45,55
108976.jpg,bacterial_leaf_blight,ADT45,72
108125.jpg,bacterial_leaf_blight,ADT45,72
102117.jpg,bacterial_leaf_blight,ADT45,55
109905.jpg,bacterial_leaf_blight,ADT45,72
104842.jpg,bacterial_leaf_blight,ADT45,55
108396.jpg,bacterial_leaf_blight,ADT45,55
102314.jpg,bacterial_leaf_blight,ADT45,72
100049.jpg,bacterial_leaf_blight,ADT45,50
105662.jpg,bacterial_leaf_blight,ADT45,50
105878.jpg,bacterial_leaf_blight,ADT45,72
103702.jpg,bacterial_leaf_blight,ADT45,45
106028.jpg,bacterial_leaf_blight,ADT45,55
107592.jpg,bacterial_leaf_blight,ADT45,72
108796.jpg,bacterial_leaf_blight,ADT45,72
106949.jpg,bacterial_leaf_blight,ADT45,72
104361.jpg,bacterial_leaf_blight,ADT45,55
104942.jpg,bacterial_leaf_blight,ADT45,55
105675.jpg,bacterial_leaf_blight,ADT45,65
108974.jpg,bacterial_leaf_blight,Ponni,47
106938.jpg,bacterial_leaf_blight,Ponni,47
100023.jpg,bacterial_leaf_blight,ADT45,72
101593.jpg,bacterial_leaf_blight,KarnatakaPonni,50
102667.jpg,bacterial_leaf_blight,ADT45,50
106339.jpg,bacterial_leaf_blight,ADT45,50
103313.jpg,bacterial_leaf_blight,ADT45,55
102848.jpg,bacterial_leaf_blight,ADT45,45
104751.jpg,bacterial_leaf_blight,ADT45,60
104704.jpg,bacterial_leaf_blight,ADT45,55
106016.jpg,bacterial_leaf_blight,ADT45,72
101544.jpg,bacterial_leaf_blight,ADT45,72
101420.jpg,bacterial_leaf_blight,ADT45,55
101718.jpg,bacterial_leaf_blight,ADT45,72
109669.jpg,bacterial_leaf_blight,ADT45,72
100967.jpg,bacterial_leaf_blight,ADT45,50
105623.jpg,bacterial_leaf_blight,ADT45,72
104458.jpg,bacterial_leaf_blight,ADT45,55
105014.jpg,bacterial_leaf_blight,IR20,50
107547.jpg,bacterial_leaf_blight,ADT45,70
105851.jpg,bacterial_leaf_blight,ADT45,55
100382.jpg,bacterial_leaf_blight,ADT45,45
104776.jpg,bacterial_leaf_blight,IR20,50
105429.jpg,bacterial_leaf_blight,ADT45,55
106794.jpg,bacterial_leaf_blight,ADT45,72
103205.jpg,bacterial_leaf_blight,Ponni,47
103920.jpg,bacterial_leaf_blight,ADT45,45
105416.jpg,bacterial_leaf_blight,ADT45,55
102516.jpg,bacterial_leaf_blight,ADT45,72
108668.jpg,bacterial_leaf_blight,ADT45,72
103056.jpg,bacterial_leaf_blight,ADT45,60
101805.jpg,bacterial_leaf_blight,ADT45,55
107423.jpg,bacterial_leaf_blight,Ponni,47
102981.jpg,bacterial_leaf_blight,ADT45,50
109289.jpg,bacterial_leaf_blight,IR20,50
100548.jpg,bacterial_leaf_blight,ADT45,55
103051.jpg,bacterial_leaf_blight,ADT45,45
101394.jpg,bacterial_leaf_blight,ADT45,65
109021.jpg,bacterial_leaf_blight,ADT45,55
103174.jpg,bacterial_leaf_blight,ADT45,72
104518.jpg,bacterial_leaf_blight,ADT45,55
100760.jpg,bacterial_leaf_blight,Ponni,47
107844.jpg,bacterial_leaf_blight,ADT45,72
101187.jpg,bacterial_leaf_blight,ADT45,55
105993.jpg,bacterial_leaf_blight,ADT45,65
107251.jpg,bacterial_leaf_blight,ADT45,60
109520.jpg,bacterial_leaf_blight,ADT45,60
101761.jpg,bacterial_leaf_blight,ADT45,72
109320.jpg,bacterial_leaf_blight,ADT45,72
100268.jpg,bacterial_leaf_blight,ADT45,72
102935.jpg,bacterial_leaf_blight,Zonal,70
106811.jpg,bacterial_leaf_blight,ADT45,72
108422.jpg,bacterial_leaf_blight,ADT45,55
106514.jpg,bacterial_leaf_blight,ADT45,55
109115.jpg,bacterial_leaf_blight,ADT45,72
106545.jpg,bacterial_leaf_blight,ADT45,72
108844.jpg,bacterial_leaf_blight,ADT45,60
109324.jpg,bacterial_leaf_blight,ADT45,68
109275.jpg,bacterial_leaf_blight,ADT45,72
108117.jpg,bacterial_leaf_blight,ADT45,55
105852.jpg,bacterial_leaf_blight,ADT45,65
101013.jpg,bacterial_leaf_blight,ADT45,72
108533.jpg,bacterial_leaf_blight,ADT45,72
106645.jpg,bacterial_leaf_blight,ADT45,55
102841.jpg,bacterial_leaf_blight,ADT45,65
109870.jpg,bacterial_leaf_blight,ADT45,72
103323.jpg,bacterial_leaf_blight,ADT45,65
107863.jpg,bacterial_leaf_blight,ADT45,72
101918.jpg,bacterial_leaf_blight,ADT45,45
101933.jpg,bacterial_leaf_blight,ADT45,70
102555.jpg,bacterial_leaf_blight,ADT45,65
108876.jpg,bacterial_leaf_blight,ADT45,55
107284.jpg,bacterial_leaf_blight,ADT45,55
106202.jpg,bacterial_leaf_blight,ADT45,72
102323.jpg,bacterial_leaf_blight,ADT45,72
104997.jpg,bacterial_leaf_blight,ADT45,55
101849.jpg,bacterial_leaf_blight,ADT45,60
105272.jpg,bacterial_leaf_blight,ADT45,72
108102.jpg,bacterial_leaf_blight,Zonal,70
102902.jpg,bacterial_leaf_blight,ADT45,72
102119.jpg,bacterial_leaf_blight,ADT45,65
109375.jpg,bacterial_leaf_blight,Ponni,47
106419.jpg,bacterial_leaf_blight,Zonal,70
102127.jpg,bacterial_leaf_blight,ADT45,72
101355.jpg,bacterial_leaf_blight,ADT45,72
108673.jpg,bacterial_leaf_blight,ADT45,50
109674.jpg,bacterial_leaf_blight,ADT45,72
104752.jpg,bacterial_leaf_blight,ADT45,70
108018.jpg,bacterial_leaf_blight,Zonal,70
106539.jpg,bacterial_leaf_blight,ADT45,45
109775.jpg,bacterial_leaf_blight,ADT45,50
110234.jpg,bacterial_leaf_blight,Ponni,47
109972.jpg,bacterial_leaf_blight,Ponni,47
100623.jpg,bacterial_leaf_blight,ADT45,72
109440.jpg,bacterial_leaf_blight,ADT45,55
102206.jpg,bacterial_leaf_blight,ADT45,72
102648.jpg,bacterial_leaf_blight,ADT45,68
109673.jpg,bacterial_leaf_blight,ADT45,72
102617.jpg,bacterial_leaf_blight,ADT45,55
102890.jpg,bacterial_leaf_blight,Ponni,47
102773.jpg,bacterial_leaf_blight,ADT45,55
107064.jpg,bacterial_leaf_blight,Ponni,47
107904.jpg,bacterial_leaf_blight,ADT45,72
108039.jpg,bacterial_leaf_blight,ADT45,72
108415.jpg,bacterial_leaf_blight,ADT45,55
101995.jpg,bacterial_leaf_blight,ADT45,72
105570.jpg,bacterial_leaf_blight,ADT45,65
101818.jpg,bacterial_leaf_blight,ADT45,72
103097.jpg,bacterial_leaf_blight,ADT45,65
101516.jpg,bacterial_leaf_blight,ADT45,55
100169.jpg,bacterial_leaf_blight,ADT45,65
109635.jpg,bacterial_leaf_blight,ADT45,55
104432.jpg,bacterial_leaf_blight,ADT45,55
104324.jpg,bacterial_leaf_blight,ADT45,72
106861.jpg,bacterial_leaf_blight,ADT45,70
107036.jpg,bacterial_leaf_blight,ADT45,72
108340.jpg,bacterial_leaf_blight,ADT45,55
101888.jpg,bacterial_leaf_blight,ADT45,55
100162.jpg,bacterial_leaf_blight,ADT45,70
105521.jpg,bacterial_leaf_blight,KarnatakaPonni,50
109249.jpg,bacterial_leaf_blight,ADT45,55
105677.jpg,bacterial_leaf_blight,ADT45,72
104697.jpg,bacterial_leaf_blight,ADT45,68
103839.jpg,bacterial_leaf_blight,Zonal,70
107466.jpg,bacterial_leaf_blight,ADT45,68
105250.jpg,bacterial_leaf_blight,ADT45,68
102128.jpg,bacterial_leaf_blight,ADT45,55
106754.jpg,bacterial_leaf_blight,ADT45,72
100956.jpg,bacterial_leaf_blight,ADT45,72
100653.jpg,bacterial_leaf_blight,Ponni,47
106142.jpg,bacterial_leaf_blight,Zonal,70
100883.jpg,bacterial_leaf_blight,ADT45,72
109315.jpg,bacterial_leaf_blight,Ponni,47
104605.jpg,bacterial_leaf_blight,ADT45,55
108526.jpg,bacterial_leaf_blight,ADT45,72
105046.jpg,bacterial_leaf_blight,Ponni,47
104106.jpg,bacterial_leaf_blight,ADT45,65
107594.jpg,bacterial_leaf_blight,Surya,45
104732.jpg,bacterial_leaf_blight,ADT45,65
102726.jpg,bacterial_leaf_blight,ADT45,50
105324.jpg,bacterial_leaf_blight,ADT45,72
102817.jpg,bacterial_leaf_blight,KarnatakaPonni,50
107474.jpg,bacterial_leaf_blight,ADT45,72
103389.jpg,bacterial_leaf_blight,ADT45,72
110083.jpg,bacterial_leaf_blight,ADT45,60
105255.jpg,bacterial_leaf_blight,ADT45,72
110382.jpg,bacterial_leaf_blight,ADT45,50
100447.jpg,bacterial_leaf_blight,ADT45,55
109219.jpg,bacterial_leaf_blight,ADT45,68
101857.jpg,bacterial_leaf_blight,Ponni,47
104691.jpg,bacterial_leaf_blight,ADT45,55
107472.jpg,bacterial_leaf_blight,ADT45,72
109588.jpg,bacterial_leaf_blight,ADT45,55
101004.jpg,bacterial_leaf_blight,ADT45,60
109460.jpg,bacterial_leaf_blight,ADT45,72
110392.jpg,bacterial_leaf_blight,ADT45,55
106812.jpg,bacterial_leaf_blight,ADT45,72
100541.jpg,bacterial_leaf_blight,ADT45,50
105794.jpg,bacterial_leaf_blight,ADT45,50
104819.jpg,bacterial_leaf_blight,ADT45,55
109514.jpg,bacterial_leaf_blight,ADT45,50
101886.jpg,bacterial_leaf_blight,Onthanel,70
106916.jpg,bacterial_leaf_blight,ADT45,72
103070.jpg,bacterial_leaf_blight,ADT45,72
101649.jpg,bacterial_leaf_blight,KarnatakaPonni,50
105823.jpg,bacterial_leaf_blight,ADT45,72
101176.jpg,bacterial_leaf_blight,ADT45,55
100925.jpg,bacterial_leaf_blight,ADT45,72
107619.jpg,bacterial_leaf_blight,ADT45,55
109366.jpg,bacterial_leaf_blight,ADT45,55
104576.jpg,bacterial_leaf_blight,ADT45,55
102835.jpg,bacterial_leaf_blight,ADT45,72
106340.jpg,bacterial_leaf_blight,ADT45,55
102940.jpg,bacterial_leaf_blight,IR20,50
109818.jpg,bacterial_leaf_blight,ADT45,50
103606.jpg,bacterial_leaf_blight,ADT45,55
108183.jpg,bacterial_leaf_blight,ADT45,65
104800.jpg,bacterial_leaf_blight,ADT45,45
105122.jpg,bacterial_leaf_blight,ADT45,50
107533.jpg,bacterial_leaf_blight,ADT45,72
103355.jpg,bacterial_leaf_blight,ADT45,72
106263.jpg,bacterial_leaf_blight,ADT45,55
109372.jpg,bacterial_leaf_blight,ADT45,72
103357.jpg,bacterial_leaf_blight,ADT45,72
103230.jpg,bacterial_leaf_blight,IR20,50
106292.jpg,bacterial_leaf_blight,ADT45,55
102420.jpg,bacterial_leaf_blight,ADT45,65
101658.jpg,bacterial_leaf_blight,ADT45,55
101979.jpg,bacterial_leaf_blight,ADT45,60
105979.jpg,bacterial_leaf_blight,ADT45,72
105209.jpg,bacterial_leaf_blight,KarnatakaPonni,50
101973.jpg,bacterial_leaf_blight,ADT45,50
104086.jpg,bacterial_leaf_blight,ADT45,68
102038.jpg,bacterial_leaf_blight,ADT45,72
108005.jpg,bacterial_leaf_blight,Ponni,47
103033.jpg,bacterial_leaf_blight,ADT45,72
101391.jpg,bacterial_leaf_blight,ADT45,70
102071.jpg,bacterial_leaf_blight,Onthanel,70
102338.jpg,bacterial_leaf_blight,ADT45,72
101731.jpg,bacterial_leaf_blight,ADT45,65
105291.jpg,bacterial_leaf_blight,ADT45,50
100513.jpg,bacterial_leaf_blight,ADT45,65
107177.jpg,bacterial_leaf_blight,ADT45,55
108265.jpg,bacterial_leaf_blight,ADT45,55
103177.jpg,bacterial_leaf_blight,Zonal,70
107254.jpg,bacterial_leaf_blight,ADT45,65
108520.jpg,bacterial_leaf_blight,ADT45,50
108231.jpg,bacterial_leaf_blight,ADT45,72
100516.jpg,bacterial_leaf_blight,IR20,50
102166.jpg,bacterial_leaf_blight,ADT45,55
103629.jpg,bacterial_leaf_blight,ADT45,72
109910.jpg,bacterial_leaf_blight,ADT45,72
105486.jpg,bacterial_leaf_blight,ADT45,55
108320.jpg,bacterial_leaf_blight,ADT45,45
100148.jpg,bacterial_leaf_blight,Ponni,47
106141.jpg,bacterial_leaf_blight,ADT45,55
107326.jpg,bacterial_leaf_blight,ADT45,72
100445.jpg,bacterial_leaf_blight,Ponni,47
104271.jpg,bacterial_leaf_blight,ADT45,55
108199.jpg,bacterial_leaf_blight,ADT45,55
108487.jpg,bacterial_leaf_blight,ADT45,72
110400.jpg,bacterial_leaf_blight,ADT45,55
104273.jpg,bacterial_leaf_blight,ADT45,55
105648.jpg,bacterial_leaf_blight,Onthanel,70
100330.jpg,bacterial_leaf_blight,ADT45,45
104690.jpg,bacterial_leaf_blight,Surya,45
103500.jpg,bacterial_leaf_blight,ADT45,72
107812.jpg,bacterial_leaf_blight,ADT45,65
105857.jpg,bacterial_leaf_blight,ADT45,55
101767.jpg,bacterial_leaf_blight,ADT45,55
104827.jpg,bacterial_leaf_blight,ADT45,55
106295.jpg,bacterial_leaf_blight,ADT45,72
110090.jpg,bacterial_leaf_blight,ADT45,50
101173.jpg,bacterial_leaf_blight,ADT45,50
107296.jpg,bacterial_leaf_blight,ADT45,55
101647.jpg,bacterial_leaf_blight,ADT45,72
106089.jpg,bacterial_leaf_blight,ADT45,50
106984.jpg,bacterial_leaf_blight,ADT45,72
101798.jpg,bacterial_leaf_blight,ADT45,55
102353.jpg,bacterial_leaf_blight,ADT45,45
102544.jpg,bacterial_leaf_blight,ADT45,55
108696.jpg,bacterial_leaf_blight,ADT45,60
101553.jpg,bacterial_leaf_blight,ADT45,60
106599.jpg,bacterial_leaf_blight,Ponni,47
109428.jpg,bacterial_leaf_blight,ADT45,72
103127.jpg,bacterial_leaf_blight,KarnatakaPonni,50
107104.jpg,bacterial_leaf_blight,KarnatakaPonni,50
105151.jpg,bacterial_leaf_blight,ADT45,72
101809.jpg,bacterial_leaf_blight,ADT45,72
105561.jpg,bacterial_leaf_blight,ADT45,55
105522.jpg,bacterial_leaf_blight,Ponni,47
108078.jpg,bacterial_leaf_blight,ADT45,55
100523.jpg,bacterial_leaf_blight,ADT45,55
107162.jpg,bacterial_leaf_blight,ADT45,72
101467.jpg,bacterial_leaf_blight,ADT45,68
107021.jpg,bacterial_leaf_blight,ADT45,70
102238.jpg,bacterial_leaf_blight,ADT45,72
108522.jpg,bacterial_leaf_blight,ADT45,72
101198.jpg,bacterial_leaf_blight,ADT45,55
104937.jpg,bacterial_leaf_blight,ADT45,55
109768.jpg,bacterial_leaf_blight,ADT45,72
augmented/100234_aug_0.jpg,bacterial_leaf_blight,ADT45,60
augmented/100234_aug_1.jpg,bacterial_leaf_blight,ADT45,60
augmented/100234_aug_2.jpg,bacterial_leaf_blight,ADT45,60
augmented/102639_aug_0.jpg,bacterial_leaf_blight,ADT45,68
augmented/102639_aug_1.jpg,bacterial_leaf_blight,ADT45,68
augmented/102639_aug_2.jpg,bacterial_leaf_blight,ADT45,68
augmented/103048_aug_0.jpg,bacterial_leaf_blight,ADT45,72
augmented/103048_aug_1.jpg,bacterial_leaf_blight,ADT45,72
augmented/103048_aug_2.jpg,bacterial_leaf_blight,ADT45,72
augmented/104430_aug_0.jpg,bacterial_leaf_blight,ADT45,68
augmented/104430_aug_1.jpg,bacterial_leaf_blight,ADT45,68
augmented/104430_aug_2.jpg,bacterial_leaf_blight,ADT45,68
augmented/103276_aug_0.jpg,bacterial_leaf_blight,ADT45,72
augmented/103276_aug_1.jpg,bacterial_leaf_blight,ADT45,72
augmented/103276_aug_2.jpg,bacterial_leaf_blight,ADT45,72
augmented/104657_aug_0.jpg,bacterial_leaf_blight,ADT45,68
augmented/104657_aug_1.jpg,bacterial_leaf_blight,ADT45,68
augmented/104657_aug_2.jpg,bacterial_leaf_blight,ADT45,68
augmented/108429_aug_0.jpg,bacterial_leaf_blight,ADT45,72
augmented/108429_aug_1.jpg,bacterial_leaf_blight,ADT45,72
augmented/108429_aug_2.jpg,bacterial_leaf_blight,ADT45,72
augmented/103552_aug_0.jpg,bacterial_leaf_blight,ADT45,55
augmented/103552_aug_1.jpg,bacterial_leaf_blight,ADT45,55
augmented/103552_aug_2.jpg,bacterial_leaf_blight,ADT45,55
augmented/105031_aug_0.jpg,bacterial_leaf_blight,ADT45,72
augmented/105031_aug_1.jpg,bacterial_leaf_blight,ADT45,72
augmented/105031_aug_2.jpg,bacterial_leaf_blight,ADT45,72
augmented/110292_aug_0.jpg,bacterial_leaf_blight,ADT45,72
augmented/110292_aug_1.jpg,bacterial_leaf_blight,ADT45,72
augmented/110292_aug_2.jpg,bacterial_leaf_blight,ADT45,72
augmented/100632_aug_0.jpg,bacterial_leaf_blight,ADT45,45
augmented/100632_aug_1.jpg,bacterial_leaf_blight,ADT45,45
augmented/100632_aug_2.jpg,bacterial_leaf_blight,ADT45,45
augmented/103615_aug_0.jpg,bacterial_leaf_blight,ADT45,55
augmented/103615_aug_1.jpg,bacterial_leaf_blight,ADT45,55
augmented/103615_aug_2.jpg,bacterial_leaf_blight,ADT45,55
augmented/107761_aug_0.jpg,bacterial_leaf_blight,ADT45,72
augmented/107761_aug_1.jpg,bacterial_leaf_blight,ADT45,72
augmented/107761_aug_2.jpg,bacterial_leaf_blight,ADT45,72
augmented/106934_aug_0.jpg,bacterial_leaf_blight,ADT45,55
augmented/106934_aug_1.jpg,bacterial_leaf_blight,ADT45,55
augmented/106934_aug_2.jpg,bacterial_leaf_blight,ADT45,55
augmented/104255_aug_0.jpg,bacterial_leaf_blight,ADT45,50
augmented/104255_aug_1.jpg,bacterial_leaf_blight,ADT45,50
augmented/104255_aug_2.jpg,bacterial_leaf_blight,ADT45,50
augmented/102190_aug_0.jpg,bacterial_leaf_blight,ADT45,50
augmented/102190_aug_1.jpg,bacterial_leaf_blight,ADT45,50
augmented/102190_aug_2.jpg,bacterial_leaf_blight,ADT45,50
augmented/100248_aug_0.jpg,bacterial_leaf_blight,Ponni,47
augmented/100248_aug_1.jpg,bacterial_leaf_blight,Ponni,47
augmented/100248_aug_2.jpg,bacterial_leaf_blight,Ponni,47
augmented/108748_aug_0.jpg,bacterial_leaf_blight,ADT45,50
augmented/108748_aug_1.jpg,bacterial_leaf_blight,ADT45,50
augmented/108748_aug_2.jpg,bacterial_leaf_blight,ADT45,50
augmented/107873_aug_0.jpg,bacterial_leaf_blight,ADT45,72
augmented/107873_aug_1.jpg,bacterial_leaf_blight,ADT45,72
augmented/107873_aug_2.jpg,bacterial_leaf_blight,ADT45,72
augmented/101938_aug_0.jpg,bacterial_leaf_blight,ADT45,72
augmented/101938_aug_1.jpg,bacterial_leaf_blight,ADT45,72
augmented/101938_aug_2.jpg,bacterial_leaf_blight,ADT45,72
augmented/101800_aug_0.jpg,bacterial_leaf_blight,ADT45,72
augmented/101800_aug_1.jpg,bacterial_leaf_blight,ADT45,72
augmented/101800_aug_2.jpg,bacterial_leaf_blight,ADT45,72
augmented/110277_aug_0.jpg,bacterial_leaf_blight,KarnatakaPonni,50
augmented/110277_aug_1.jpg,bacterial_leaf_blight,KarnatakaPonni,50
augmented/110277_aug_2.jpg,bacterial_leaf_blight,KarnatakaPonni,50
augmented/104535_aug_0.jpg,bacterial_leaf_blight,ADT45,72
augmented/104535_aug_1.jpg,bacterial_leaf_blight,ADT45,72
augmented/104535_aug_2.jpg,bacterial_leaf_blight,ADT45,72
augmented/103923_aug_0.jpg,bacterial_leaf_blight,ADT45,72
augmented/103923_aug_1.jpg,bacterial_leaf_blight,ADT45,72
augmented/103923_aug_2.jpg,bacterial_leaf_blight,ADT45,72
augmented/105008_aug_0.jpg,bacterial_leaf_blight,ADT45,55
augmented/105008_aug_1.jpg,bacterial_leaf_blight,ADT45,55
augmented/105008_aug_2.jpg,bacterial_leaf_blight,ADT45,55
augmented/106395_aug_0.jpg,bacterial_leaf_blight,ADT45,55
augmented/106395_aug_1.jpg,bacterial_leaf_blight,ADT45,55
augmented/106395_aug_2.jpg,bacterial_leaf_blight,ADT45,55
augmented/104175_aug_0.jpg,bacterial_leaf_blight,ADT45,65
augmented/104175_aug_1.jpg,bacterial_leaf_blight,ADT45,65
augmented/104175_aug_2.jpg,bacterial_leaf_blight,ADT45,65
augmented/109121_aug_0.jpg,bacterial_leaf_blight,Ponni,47
augmented/109121_aug_1.jpg,bacterial_leaf_blight,Ponni,47
augmented/109121_aug_2.jpg,bacterial_leaf_blight,Ponni,47
augmented/105273_aug_0.jpg,bacterial_leaf_blight,ADT45,50
augmented/105273_aug_1.jpg,bacterial_leaf_blight,ADT45,50
augmented/105273_aug_2.jpg,bacterial_leaf_blight,ADT45,50
augmented/101702_aug_0.jpg,bacterial_leaf_blight,ADT45,55
augmented/101702_aug_1.jpg,bacterial_leaf_blight,ADT45,55
augmented/101702_aug_2.jpg,bacterial_leaf_blight,ADT45,55
augmented/104401_aug_0.jpg,bacterial_leaf_blight,ADT45,72
augmented/104401_aug_1.jpg,bacterial_leaf_blight,ADT45,72
augmented/104401_aug_2.jpg,bacterial_leaf_blight,ADT45,72
augmented/104108_aug_0.jpg,bacterial_leaf_blight,ADT45,50
augmented/104108_aug_1.jpg,bacterial_leaf_blight,ADT45,50
augmented/104108_aug_2.jpg,bacterial_leaf_blight,ADT45,50
augmented/106117_aug_0.jpg,bacterial_leaf_blight,ADT45,72
augmented/106117_aug_1.jpg,bacterial_leaf_blight,ADT45,72
augmented/106117_aug_2.jpg,bacterial_leaf_blight,ADT45,72
augmented/103637_aug_0.jpg,bacterial_leaf_blight,ADT45,72
augmented/103637_aug_1.jpg,bacterial_leaf_blight,ADT45,72
augmented/103637_aug_2.jpg,bacterial_leaf_blight,ADT45,72
augmented/100542_aug_0.jpg,bacterial_leaf_blight,ADT45,72
augmented/100542_aug_1.jpg,bacterial_leaf_blight,ADT45,72
augmented/100542_aug_2.jpg,bacterial_leaf_blight,ADT45,72
augmented/104635_aug_0.jpg,bacterial_leaf_blight,ADT45,72
augmented/104635_aug_1.jpg,bacterial_leaf_blight,ADT45,72
augmented/104635_aug_2.jpg,bacterial_leaf_blight,ADT45,72
augmented/103392_aug_0.jpg,bacterial_leaf_blight,ADT45,55
augmented/103392_aug_1.jpg,bacterial_leaf_blight,ADT45,55
augmented/103392_aug_2.jpg,bacterial_leaf_blight,ADT45,55
augmented/110079_aug_0.jpg,bacterial_leaf_blight,ADT45,55
augmented/110079_aug_1.jpg,bacterial_leaf_blight,ADT45,55
augmented/110079_aug_2.jpg,bacterial_leaf_blight,ADT45,55
augmented/108697_aug_0.jpg,bacterial_leaf_blight,ADT45,55
augmented/108697_aug_1.jpg,bacterial_leaf_blight,ADT45,55
augmented/108697_aug_2.jpg,bacterial_leaf_blight,ADT45,55
augmented/101768_aug_0.jpg,bacterial_leaf_blight,ADT45,72
augmented/101768_aug_1.jpg,bacterial_leaf_blight,ADT45,72
augmented/101768_aug_2.jpg,bacterial_leaf_blight,ADT45,72
augmented/109995_aug_0.jpg,bacterial_leaf_blight,ADT45,55
augmented/109995_aug_1.jpg,bacterial_leaf_blight,ADT45,55
augmented/109995_aug_2.jpg,bacterial_leaf_blight,ADT45,55
augmented/109306_aug_0.jpg,bacterial_leaf_blight,ADT45,50
augmented/109306_aug_1.jpg,bacterial_leaf_blight,ADT45,50
augmented/109306_aug_2.jpg,bacterial_leaf_blight,ADT45,50
augmented/100733_aug_0.jpg,bacterial_leaf_blight,ADT45,72
augmented/100733_aug_1.jpg,bacterial_leaf_blight,ADT45,72
augmented/100733_aug_2.jpg,bacterial_leaf_blight,ADT45,72
augmented/108056_aug_0.jpg,bacterial_leaf_blight,ADT45,72
augmented/108056_aug_1.jpg,bacterial_leaf_blight,ADT45,72
augmented/108056_aug_2.jpg,bacterial_leaf_blight,ADT45,72
augmented/107928_aug_0.jpg,bacterial_leaf_blight,ADT45,68
augmented/107928_aug_1.jpg,bacterial_leaf_blight,ADT45,68
augmented/107928_aug_2.jpg,bacterial_leaf_blight,ADT45,68
augmented/101169_aug_0.jpg,bacterial_leaf_blight,ADT45,55
augmented/101169_aug_1.jpg,bacterial_leaf_blight,ADT45,55
augmented/101169_aug_2.jpg,bacterial_leaf_blight,ADT45,55
augmented/107178_aug_0.jpg,bacterial_leaf_blight,ADT45,55
augmented/107178_aug_1.jpg,bacterial_leaf_blight,ADT45,55
augmented/107178_aug_2.jpg,bacterial_leaf_blight,ADT45,55
augmented/104702_aug_0.jpg,bacterial_leaf_blight,ADT45,50
augmented/104702_aug_1.jpg,bacterial_leaf_blight,ADT45,50
augmented/104702_aug_2.jpg,bacterial_leaf_blight,ADT45,50
augmented/110315_aug_0.jpg,bacterial_leaf_blight,Ponni,47
augmented/110315_aug_1.jpg,bacterial_leaf_blight,Ponni,47
augmented/110315_aug_2.jpg,bacterial_leaf_blight,Ponni,47
augmented/100289_aug_0.jpg,bacterial_leaf_blight,ADT45,55
augmented/100289_aug_1.jpg,bacterial_leaf_blight,ADT45,55
augmented/100289_aug_2.jpg,bacterial_leaf_blight,ADT45,55
augmented/102259_aug_0.jpg,bacterial_leaf_blight,ADT45,55
augmented/102259_aug_1.jpg,bacterial_leaf_blight,ADT45,55
augmented/102259_aug_2.jpg,bacterial_leaf_blight,ADT45,55
augmented/108884_aug_0.jpg,bacterial_leaf_blight,ADT45,55
augmented/108884_aug_1.jpg,bacterial_leaf_blight,ADT45,55
augmented/108884_aug_2.jpg,bacterial_leaf_blight,ADT45,55
augmented/104778_aug_0.jpg,bacterial_leaf_blight,IR20,50
augmented/104778_aug_1.jpg,bacterial_leaf_blight,IR20,50
augmented/104778_aug_2.jpg,bacterial_leaf_blight,IR20,50
augmented/107493_aug_0.jpg,bacterial_leaf_blight,ADT45,55
augmented/107493_aug_1.jpg,bacterial_leaf_blight,ADT45,55
augmented/107493_aug_2.jpg,bacterial_leaf_blight,ADT45,55
augmented/109975_aug_0.jpg,bacterial_leaf_blight,ADT45,72
augmented/109975_aug_1.jpg,bacterial_leaf_blight,ADT45,72
augmented/109975_aug_2.jpg,bacterial_leaf_blight,ADT45,72
augmented/106698_aug_0.jpg,bacterial_leaf_blight,Zonal,70
augmented/106698_aug_1.jpg,bacterial_leaf_blight,Zonal,70
augmented/106698_aug_2.jpg,bacterial_leaf_blight,Zonal,70
augmented/102167_aug_0.jpg,bacterial_leaf_blight,ADT45,55
augmented/102167_aug_1.jpg,bacterial_leaf_blight,ADT45,55
augmented/102167_aug_2.jpg,bacterial_leaf_blight,ADT45,55
augmented/103187_aug_0.jpg,bacterial_leaf_blight,Onthanel,70
augmented/103187_aug_1.jpg,bacterial_leaf_blight,Onthanel,70
augmented/103187_aug_2.jpg,bacterial_leaf_blight,Onthanel,70
augmented/103435_aug_0.jpg,bacterial_leaf_blight,ADT45,50
augmented/103435_aug_1.jpg,bacterial_leaf_blight,ADT45,50
augmented/103435_aug_2.jpg,bacterial_leaf_blight,ADT45,50
augmented/101406_aug_0.jpg,bacterial_leaf_blight,ADT45,55
augmented/101406_aug_1.jpg,bacterial_leaf_blight,ADT45,55
augmented/101406_aug_2.jpg,bacterial_leaf_blight,ADT45,55
augmented/109196_aug_0.jpg,bacterial_leaf_blight,ADT45,55
augmented/109196_aug_1.jpg,bacterial_leaf_blight,ADT45,55
augmented/109196_aug_2.jpg,bacterial_leaf_blight,ADT45,55
augmented/105532_aug_0.jpg,bacterial_leaf_blight,ADT45,72
augmented/105532_aug_1.jpg,bacterial_leaf_blight,ADT45,72
augmented/105532_aug_2.jpg,bacterial_leaf_blight,ADT45,72
augmented/105443_aug_0.jpg,bacterial_leaf_blight,ADT45,50
augmented/105443_aug_1.jpg,bacterial_leaf_blight,ADT45,50
augmented/105443_aug_2.jpg,bacterial_leaf_blight,ADT45,50
augmented/109666_aug_0.jpg,bacterial_leaf_blight,Ponni,47
augmented/109666_aug_1.jpg,bacterial_leaf_blight,Ponni,47
augmented/109666_aug_2.jpg,bacterial_leaf_blight,Ponni,47
augmented/106280_aug_0.jpg,bacterial_leaf_blight,ADT45,55
augmented/106280_aug_1.jpg,bacterial_leaf_blight,ADT45,55
augmented/106280_aug_2.jpg,bacterial_leaf_blight,ADT45,55
augmented/102659_aug_0.jpg,bacterial_leaf_blight,ADT45,68
augmented/102659_aug_1.jpg,bacterial_leaf_blight,ADT45,68
augmented/102659_aug_2.jpg,bacterial_leaf_blight,ADT45,68
augmented/108552_aug_0.jpg,bacterial_leaf_blight,ADT45,72
augmented/108552_aug_1.jpg,bacterial_leaf_blight,ADT45,72
augmented/108552_aug_2.jpg,bacterial_leaf_blight,ADT45,72
augmented/104018_aug_0.jpg,bacterial_leaf_blight,Ponni,47
augmented/104018_aug_1.jpg,bacterial_leaf_blight,Ponni,47
augmented/104018_aug_2.jpg,bacterial_leaf_blight,Ponni,47
augmented/104799_aug_0.jpg,bacterial_leaf_blight,ADT45,55
augmented/104799_aug_1.jpg,bacterial_leaf_blight,ADT45,55
augmented/104799_aug_2.jpg,bacterial_leaf_blight,ADT45,55
augmented/109304_aug_0.jpg,bacterial_leaf_blight,ADT45,65
augmented/109304_aug_1.jpg,bacterial_leaf_blight,ADT45,65
augmented/109304_aug_2.jpg,bacterial_leaf_blight,ADT45,65
augmented/106005_aug_0.jpg,bacterial_leaf_blight,ADT45,72
augmented/106005_aug_1.jpg,bacterial_leaf_blight,ADT45,72
augmented/106005_aug_2.jpg,bacterial_leaf_blight,ADT45,72
augmented/108257_aug_0.jpg,bacterial_leaf_blight,ADT45,60
augmented/108257_aug_1.jpg,bacterial_leaf_blight,ADT45,60
augmented/108257_aug_2.jpg,bacterial_leaf_blight,ADT45,60
augmented/110320_aug_0.jpg,bacterial_leaf_blight,ADT45,72
augmented/110320_aug_1.jpg,bacterial_leaf_blight,ADT45,72
augmented/110320_aug_2.jpg,bacterial_leaf_blight,ADT45,72
augmented/108129_aug_0.jpg,bacterial_leaf_blight,ADT45,72
augmented/108129_aug_1.jpg,bacterial_leaf_blight,ADT45,72
augmented/108129_aug_2.jpg,bacterial_leaf_blight,ADT45,72
augmented/103458_aug_0.jpg,bacterial_leaf_blight,ADT45,60
augmented/103458_aug_1.jpg,bacterial_leaf_blight,ADT45,60
augmented/103458_aug_2.jpg,bacterial_leaf_blight,ADT45,60
augmented/105426_aug_0.jpg,bacterial_leaf_blight,ADT45,55
augmented/105426_aug_1.jpg,bacterial_leaf_blight,ADT45,55
augmented/105426_aug_2.jpg,bacterial_leaf_blight,ADT45,55
augmented/102106_aug_0.jpg,bacterial_leaf_blight,ADT45,72
augmented/102106_aug_1.jpg,bacterial_leaf_blight,ADT45,72
augmented/102106_aug_2.jpg,bacterial_leaf_blight,ADT45,72
augmented/106615_aug_0.jpg,bacterial_leaf_blight,ADT45,72
augmented/106615_aug_1.jpg,bacterial_leaf_blight,ADT45,72
augmented/106615_aug_2.jpg,bacterial_leaf_blight,ADT45,72
augmented/101485_aug_0.jpg,bacterial_leaf_blight,ADT45,55
augmented/101485_aug_1.jpg,bacterial_leaf_blight,ADT45,55
augmented/101485_aug_2.jpg,bacterial_leaf_blight,ADT45,55
augmented/102130_aug_0.jpg,bacterial_leaf_blight,ADT45,55
augmented/102130_aug_1.jpg,bacterial_leaf_blight,ADT45,55
augmented/102130_aug_2.jpg,bacterial_leaf_blight,ADT45,55
augmented/100795_aug_0.jpg,bacterial_leaf_blight,ADT45,50
augmented/100795_aug_1.jpg,bacterial_leaf_blight,ADT45,50
augmented/100795_aug_2.jpg,bacterial_leaf_blight,ADT45,50
augmented/104639_aug_0.jpg,bacterial_leaf_blight,ADT45,72
augmented/104639_aug_1.jpg,bacterial_leaf_blight,ADT45,72
augmented/104639_aug_2.jpg,bacterial_leaf_blight,ADT45,72
augmented/100622_aug_0.jpg,bacterial_leaf_blight,ADT45,50
augmented/100622_aug_1.jpg,bacterial_leaf_blight,ADT45,50
augmented/100622_aug_2.jpg,bacterial_leaf_blight,ADT45,50
augmented/109940_aug_0.jpg,bacterial_leaf_blight,KarnatakaPonni,50
augmented/109940_aug_1.jpg,bacterial_leaf_blight,KarnatakaPonni,50
augmented/109940_aug_2.jpg,bacterial_leaf_blight,KarnatakaPonni,50
augmented/108150_aug_0.jpg,bacterial_leaf_blight,Ponni,47
augmented/108150_aug_1.jpg,bacterial_leaf_blight,Ponni,47
augmented/108150_aug_2.jpg,bacterial_leaf_blight,Ponni,47
augmented/106629_aug_0.jpg,bacterial_leaf_blight,ADT45,55
augmented/106629_aug_1.jpg,bacterial_leaf_blight,ADT45,55
augmented/106629_aug_2.jpg,bacterial_leaf_blight,ADT45,55
augmented/103734_aug_0.jpg,bacterial_leaf_blight,ADT45,50
augmented/103734_aug_1.jpg,bacterial_leaf_blight,ADT45,50
augmented/103734_aug_2.jpg,bacterial_leaf_blight,ADT45,50
augmented/100582_aug_0.jpg,bacterial_leaf_blight,Ponni,47
augmented/100582_aug_1.jpg,bacterial_leaf_blight,Ponni,47
augmented/100582_aug_2.jpg,bacterial_leaf_blight,Ponni,47
augmented/104092_aug_0.jpg,bacterial_leaf_blight,ADT45,55
augmented/104092_aug_1.jpg,bacterial_leaf_blight,ADT45,55
augmented/104092_aug_2.jpg,bacterial_leaf_blight,ADT45,55
augmented/101780_aug_0.jpg,bacterial_leaf_blight,ADT45,50
augmented/101780_aug_1.jpg,bacterial_leaf_blight,ADT45,50
augmented/101780_aug_2.jpg,bacterial_leaf_blight,ADT45,50
augmented/110022_aug_0.jpg,bacterial_leaf_blight,ADT45,60
augmented/110022_aug_1.jpg,bacterial_leaf_blight,ADT45,60
augmented/110022_aug_2.jpg,bacterial_leaf_blight,ADT45,60
augmented/108353_aug_0.jpg,bacterial_leaf_blight,ADT45,50
augmented/108353_aug_1.jpg,bacterial_leaf_blight,ADT45,50
augmented/108353_aug_2.jpg,bacterial_leaf_blight,ADT45,50
augmented/104428_aug_0.jpg,bacterial_leaf_blight,ADT45,72
augmented/104428_aug_1.jpg,bacterial_leaf_blight,ADT45,72
augmented/104428_aug_2.jpg,bacterial_leaf_blight,ADT45,72
augmented/109831_aug_0.jpg,bacterial_leaf_blight,ADT45,60
augmented/109831_aug_1.jpg,bacterial_leaf_blight,ADT45,60
augmented/109831_aug_2.jpg,bacterial_leaf_blight,ADT45,60
augmented/107643_aug_0.jpg,bacterial_leaf_blight,IR20,50
augmented/107643_aug_1.jpg,bacterial_leaf_blight,IR20,50
augmented/107643_aug_2.jpg,bacterial_leaf_blight,IR20,50
augmented/101652_aug_0.jpg,bacterial_leaf_blight,ADT45,68
augmented/101652_aug_1.jpg,bacterial_leaf_blight,ADT45,68
augmented/101652_aug_2.jpg,bacterial_leaf_blight,ADT45,68
augmented/108828_aug_0.jpg,bacterial_leaf_blight,ADT45,60
augmented/108828_aug_1.jpg,bacterial_leaf_blight,ADT45,60
augmented/108828_aug_2.jpg,bacterial_leaf_blight,ADT45,60
augmented/105236_aug_0.jpg,bacterial_leaf_blight,ADT45,72
augmented/105236_aug_1.jpg,bacterial_leaf_blight,ADT45,72
augmented/105236_aug_2.jpg,bacterial_leaf_blight,ADT45,72
augmented/104448_aug_0.jpg,bacterial_leaf_blight,IR20,50
augmented/104448_aug_1.jpg,bacterial_leaf_blight,IR20,50
augmented/104448_aug_2.jpg,bacterial_leaf_blight,IR20,50
augmented/101930_aug_0.jpg,bacterial_leaf_blight,ADT45,50
augmented/101930_aug_1.jpg,bacterial_leaf_blight,ADT45,50
augmented/101930_aug_2.jpg,bacterial_leaf_blight,ADT45,50
augmented/103169_aug_0.jpg,bacterial_leaf_blight,ADT45,65
augmented/103169_aug_1.jpg,bacterial_leaf_blight,ADT45,65
augmented/103169_aug_2.jpg,bacterial_leaf_blight,ADT45,65
augmented/107998_aug_0.jpg,bacterial_leaf_blight,ADT45,55
augmented/107998_aug_1.jpg,bacterial_leaf_blight,ADT45,55
augmented/107998_aug_2.jpg,bacterial_leaf_blight,ADT45,55
augmented/100133_aug_0.jpg,bacterial_leaf_blight,ADT45,65
augmented/100133_aug_1.jpg,bacterial_leaf_blight,ADT45,65
augmented/100133_aug_2.jpg,bacterial_leaf_blight,ADT45,65
augmented/105544_aug_0.jpg,bacterial_leaf_blight,ADT45,55
augmented/105544_aug_1.jpg,bacterial_leaf_blight,ADT45,55
augmented/105544_aug_2.jpg,bacterial_leaf_blight,ADT45,55
augmented/108976_aug_0.jpg,bacterial_leaf_blight,ADT45,72
augmented/108976_aug_1.jpg,bacterial_leaf_blight,ADT45,72
augmented/108976_aug_2.jpg,bacterial_leaf_blight,ADT45,72
augmented/108125_aug_0.jpg,bacterial_leaf_blight,ADT45,72
augmented/108125_aug_1.jpg,bacterial_leaf_blight,ADT45,72
augmented/108125_aug_2.jpg,bacterial_leaf_blight,ADT45,72
augmented/102117_aug_0.jpg,bacterial_leaf_blight,ADT45,55
augmented/102117_aug_1.jpg,bacterial_leaf_blight,ADT45,55
augmented/102117_aug_2.jpg,bacterial_leaf_blight,ADT45,55
augmented/109905_aug_0.jpg,bacterial_leaf_blight,ADT45,72
augmented/109905_aug_1.jpg,bacterial_leaf_blight,ADT45,72
augmented/109905_aug_2.jpg,bacterial_leaf_blight,ADT45,72
augmented/104842_aug_0.jpg,bacterial_leaf_blight,ADT45,55
augmented/104842_aug_1.jpg,bacterial_leaf_blight,ADT45,55
augmented/104842_aug_2.jpg,bacterial_leaf_blight,ADT45,55
augmented/108396_aug_0.jpg,bacterial_leaf_blight,ADT45,55
augmented/108396_aug_1.jpg,bacterial_leaf_blight,ADT45,55
augmented/108396_aug_2.jpg,bacterial_leaf_blight,ADT45,55
augmented/102314_aug_0.jpg,bacterial_leaf_blight,ADT45,72
augmented/102314_aug_1.jpg,bacterial_leaf_blight,ADT45,72
augmented/102314_aug_2.jpg,bacterial_leaf_blight,ADT45,72
augmented/100049_aug_0.jpg,bacterial_leaf_blight,ADT45,50
augmented/100049_aug_1.jpg,bacterial_leaf_blight,ADT45,50
augmented/100049_aug_2.jpg,bacterial_leaf_blight,ADT45,50
augmented/105662_aug_0.jpg,bacterial_leaf_blight,ADT45,50
augmented/105662_aug_1.jpg,bacterial_leaf_blight,ADT45,50
augmented/105662_aug_2.jpg,bacterial_leaf_blight,ADT45,50
augmented/105878_aug_0.jpg,bacterial_leaf_blight,ADT45,72
augmented/105878_aug_1.jpg,bacterial_leaf_blight,ADT45,72
augmented/105878_aug_2.jpg,bacterial_leaf_blight,ADT45,72
augmented/103702_aug_0.jpg,bacterial_leaf_blight,ADT45,45
augmented/103702_aug_1.jpg,bacterial_leaf_blight,ADT45,45
augmented/103702_aug_2.jpg,bacterial_leaf_blight,ADT45,45
augmented/106028_aug_0.jpg,bacterial_leaf_blight,ADT45,55
augmented/106028_aug_1.jpg,bacterial_leaf_blight,ADT45,55
augmented/106028_aug_2.jpg,bacterial_leaf_blight,ADT45,55
augmented/107592_aug_0.jpg,bacterial_leaf_blight,ADT45,72
augmented/107592_aug_1.jpg,bacterial_leaf_blight,ADT45,72
augmented/107592_aug_2.jpg,bacterial_leaf_blight,ADT45,72
augmented/108796_aug_0.jpg,bacterial_leaf_blight,ADT45,72
augmented/108796_aug_1.jpg,bacterial_leaf_blight,ADT45,72
augmented/108796_aug_2.jpg,bacterial_leaf_blight,ADT45,72
augmented/106949_aug_0.jpg,bacterial_leaf_blight,ADT45,72
augmented/106949_aug_1.jpg,bacterial_leaf_blight,ADT45,72
augmented/106949_aug_2.jpg,bacterial_leaf_blight,ADT45,72
augmented/104361_aug_0.jpg,bacterial_leaf_blight,ADT45,55
augmented/104361_aug_1.jpg,bacterial_leaf_blight,ADT45,55
augmented/104361_aug_2.jpg,bacterial_leaf_blight,ADT45,55
augmented/104942_aug_0.jpg,bacterial_leaf_blight,ADT45,55
augmented/104942_aug_1.jpg,bacterial_leaf_blight,ADT45,55
augmented/104942_aug_2.jpg,bacterial_leaf_blight,ADT45,55
augmented/105675_aug_0.jpg,bacterial_leaf_blight,ADT45,65
augmented/105675_aug_1.jpg,bacterial_leaf_blight,ADT45,65
augmented/105675_aug_2.jpg,bacterial_leaf_blight,ADT45,65
augmented/108974_aug_0.jpg,bacterial_leaf_blight,Ponni,47
augmented/108974_aug_1.jpg,bacterial_leaf_blight,Ponni,47
augmented/108974_aug_2.jpg,bacterial_leaf_blight,Ponni,47
augmented/106938_aug_0.jpg,bacterial_leaf_blight,Ponni,47
augmented/106938_aug_1.jpg,bacterial_leaf_blight,Ponni,47
augmented/106938_aug_2.jpg,bacterial_leaf_blight,Ponni,47
augmented/100023_aug_0.jpg,bacterial_leaf_blight,ADT45,72
augmented/100023_aug_1.jpg,bacterial_leaf_blight,ADT45,72
augmented/100023_aug_2.jpg,bacterial_leaf_blight,ADT45,72
augmented/101593_aug_0.jpg,bacterial_leaf_blight,KarnatakaPonni,50
augmented/101593_aug_1.jpg,bacterial_leaf_blight,KarnatakaPonni,50
augmented/101593_aug_2.jpg,bacterial_leaf_blight,KarnatakaPonni,50
augmented/102667_aug_0.jpg,bacterial_leaf_blight,ADT45,50
augmented/102667_aug_1.jpg,bacterial_leaf_blight,ADT45,50
augmented/102667_aug_2.jpg,bacterial_leaf_blight,ADT45,50
augmented/106339_aug_0.jpg,bacterial_leaf_blight,ADT45,50
augmented/106339_aug_1.jpg,bacterial_leaf_blight,ADT45,50
augmented/106339_aug_2.jpg,bacterial_leaf_blight,ADT45,50
augmented/103313_aug_0.jpg,bacterial_leaf_blight,ADT45,55
augmented/103313_aug_1.jpg,bacterial_leaf_blight,ADT45,55
augmented/103313_aug_2.jpg,bacterial_leaf_blight,ADT45,55
augmented/102848_aug_0.jpg,bacterial_leaf_blight,ADT45,45
augmented/102848_aug_1.jpg,bacterial_leaf_blight,ADT45,45
augmented/102848_aug_2.jpg,bacterial_leaf_blight,ADT45,45
augmented/104751_aug_0.jpg,bacterial_leaf_blight,ADT45,60
augmented/104751_aug_1.jpg,bacterial_leaf_blight,ADT45,60
augmented/104751_aug_2.jpg,bacterial_leaf_blight,ADT45,60
augmented/104704_aug_0.jpg,bacterial_leaf_blight,ADT45,55
augmented/104704_aug_1.jpg,bacterial_leaf_blight,ADT45,55
augmented/104704_aug_2.jpg,bacterial_leaf_blight,ADT45,55
augmented/106016_aug_0.jpg,bacterial_leaf_blight,ADT45,72
augmented/106016_aug_1.jpg,bacterial_leaf_blight,ADT45,72
augmented/106016_aug_2.jpg,bacterial_leaf_blight,ADT45,72
augmented/101544_aug_0.jpg,bacterial_leaf_blight,ADT45,72
augmented/101544_aug_1.jpg,bacterial_leaf_blight,ADT45,72
augmented/101544_aug_2.jpg,bacterial_leaf_blight,ADT45,72
augmented/101420_aug_0.jpg,bacterial_leaf_blight,ADT45,55
augmented/101420_aug_1.jpg,bacterial_leaf_blight,ADT45,55
augmented/101420_aug_2.jpg,bacterial_leaf_blight,ADT45,55
augmented/101718_aug_0.jpg,bacterial_leaf_blight,ADT45,72
augmented/101718_aug_1.jpg,bacterial_leaf_blight,ADT45,72
augmented/101718_aug_2.jpg,bacterial_leaf_blight,ADT45,72
augmented/109669_aug_0.jpg,bacterial_leaf_blight,ADT45,72
augmented/109669_aug_1.jpg,bacterial_leaf_blight,ADT45,72
augmented/109669_aug_2.jpg,bacterial_leaf_blight,ADT45,72
augmented/100967_aug_0.jpg,bacterial_leaf_blight,ADT45,50
augmented/100967_aug_1.jpg,bacterial_leaf_blight,ADT45,50
augmented/100967_aug_2.jpg,bacterial_leaf_blight,ADT45,50
augmented/105623_aug_0.jpg,bacterial_leaf_blight,ADT45,72
augmented/105623_aug_1.jpg,bacterial_leaf_blight,ADT45,72
augmented/105623_aug_2.jpg,bacterial_leaf_blight,ADT45,72
augmented/104458_aug_0.jpg,bacterial_leaf_blight,ADT45,55
augmented/104458_aug_1.jpg,bacterial_leaf_blight,ADT45,55
augmented/104458_aug_2.jpg,bacterial_leaf_blight,ADT45,55
augmented/105014_aug_0.jpg,bacterial_leaf_blight,IR20,50
augmented/105014_aug_1.jpg,bacterial_leaf_blight,IR20,50
augmented/105014_aug_2.jpg,bacterial_leaf_blight,IR20,50
augmented/107547_aug_0.jpg,bacterial_leaf_blight,ADT45,70
augmented/107547_aug_1.jpg,bacterial_leaf_blight,ADT45,70
augmented/107547_aug_2.jpg,bacterial_leaf_blight,ADT45,70
augmented/105851_aug_0.jpg,bacterial_leaf_blight,ADT45,55
augmented/105851_aug_1.jpg,bacterial_leaf_blight,ADT45,55
augmented/105851_aug_2.jpg,bacterial_leaf_blight,ADT45,55
augmented/100382_aug_0.jpg,bacterial_leaf_blight,ADT45,45
augmented/100382_aug_1.jpg,bacterial_leaf_blight,ADT45,45
augmented/100382_aug_2.jpg,bacterial_leaf_blight,ADT45,45
augmented/104776_aug_0.jpg,bacterial_leaf_blight,IR20,50
augmented/104776_aug_1.jpg,bacterial_leaf_blight,IR20,50
augmented/104776_aug_2.jpg,bacterial_leaf_blight,IR20,50
augmented/105429_aug_0.jpg,bacterial_leaf_blight,ADT45,55
augmented/105429_aug_1.jpg,bacterial_leaf_blight,ADT45,55
augmented/105429_aug_2.jpg,bacterial_leaf_blight,ADT45,55
augmented/106794_aug_0.jpg,bacterial_leaf_blight,ADT45,72
augmented/106794_aug_1.jpg,bacterial_leaf_blight,ADT45,72
augmented/106794_aug_2.jpg,bacterial_leaf_blight,ADT45,72
augmented/103205_aug_0.jpg,bacterial_leaf_blight,Ponni,47
augmented/103205_aug_1.jpg,bacterial_leaf_blight,Ponni,47
augmented/103205_aug_2.jpg,bacterial_leaf_blight,Ponni,47
augmented/103920_aug_0.jpg,bacterial_leaf_blight,ADT45,45
augmented/103920_aug_1.jpg,bacterial_leaf_blight,ADT45,45
augmented/103920_aug_2.jpg,bacterial_leaf_blight,ADT45,45
augmented/105416_aug_0.jpg,bacterial_leaf_blight,ADT45,55
augmented/105416_aug_1.jpg,bacterial_leaf_blight,ADT45,55
augmented/105416_aug_2.jpg,bacterial_leaf_blight,ADT45,55
augmented/102516_aug_0.jpg,bacterial_leaf_blight,ADT45,72
augmented/102516_aug_1.jpg,bacterial_leaf_blight,ADT45,72
augmented/102516_aug_2.jpg,bacterial_leaf_blight,ADT45,72
augmented/108668_aug_0.jpg,bacterial_leaf_blight,ADT45,72
augmented/108668_aug_1.jpg,bacterial_leaf_blight,ADT45,72
augmented/108668_aug_2.jpg,bacterial_leaf_blight,ADT45,72
augmented/103056_aug_0.jpg,bacterial_leaf_blight,ADT45,60
augmented/103056_aug_1.jpg,bacterial_leaf_blight,ADT45,60
augmented/103056_aug_2.jpg,bacterial_leaf_blight,ADT45,60
augmented/101805_aug_0.jpg,bacterial_leaf_blight,ADT45,55
augmented/101805_aug_1.jpg,bacterial_leaf_blight,ADT45,55
augmented/101805_aug_2.jpg,bacterial_leaf_blight,ADT45,55
augmented/107423_aug_0.jpg,bacterial_leaf_blight,Ponni,47
augmented/107423_aug_1.jpg,bacterial_leaf_blight,Ponni,47
augmented/107423_aug_2.jpg,bacterial_leaf_blight,Ponni,47
augmented/102981_aug_0.jpg,bacterial_leaf_blight,ADT45,50
augmented/102981_aug_1.jpg,bacterial_leaf_blight,ADT45,50
augmented/102981_aug_2.jpg,bacterial_leaf_blight,ADT45,50
augmented/109289_aug_0.jpg,bacterial_leaf_blight,IR20,50
augmented/109289_aug_1.jpg,bacterial_leaf_blight,IR20,50
augmented/109289_aug_2.jpg,bacterial_leaf_blight,IR20,50
augmented/100548_aug_0.jpg,bacterial_leaf_blight,ADT45,55
augmented/100548_aug_1.jpg,bacterial_leaf_blight,ADT45,55
augmented/100548_aug_2.jpg,bacterial_leaf_blight,ADT45,55
augmented/103051_aug_0.jpg,bacterial_leaf_blight,ADT45,45
augmented/103051_aug_1.jpg,bacterial_leaf_blight,ADT45,45
augmented/103051_aug_2.jpg,bacterial_leaf_blight,ADT45,45
augmented/101394_aug_0.jpg,bacterial_leaf_blight,ADT45,65
augmented/101394_aug_1.jpg,bacterial_leaf_blight,ADT45,65
augmented/101394_aug_2.jpg,bacterial_leaf_blight,ADT45,65
augmented/109021_aug_0.jpg,bacterial_leaf_blight,ADT45,55
augmented/109021_aug_1.jpg,bacterial_leaf_blight,ADT45,55
augmented/109021_aug_2.jpg,bacterial_leaf_blight,ADT45,55
augmented/103174_aug_0.jpg,bacterial_leaf_blight,ADT45,72
augmented/103174_aug_1.jpg,bacterial_leaf_blight,ADT45,72
augmented/103174_aug_2.jpg,bacterial_leaf_blight,ADT45,72
augmented/104518_aug_0.jpg,bacterial_leaf_blight,ADT45,55
augmented/104518_aug_1.jpg,bacterial_leaf_blight,ADT45,55
augmented/104518_aug_2.jpg,bacterial_leaf_blight,ADT45,55
augmented/100760_aug_0.jpg,bacterial_leaf_blight,Ponni,47
augmented/100760_aug_1.jpg,bacterial_leaf_blight,Ponni,47
augmented/100760_aug_2.jpg,bacterial_leaf_blight,Ponni,47
augmented/107844_aug_0.jpg,bacterial_leaf_blight,ADT45,72
augmented/107844_aug_1.jpg,bacterial_leaf_blight,ADT45,72
augmented/107844_aug_2.jpg,bacterial_leaf_blight,ADT45,72
augmented/101187_aug_0.jpg,bacterial_leaf_blight,ADT45,55
augmented/101187_aug_1.jpg,bacterial_leaf_blight,ADT45,55
augmented/101187_aug_2.jpg,bacterial_leaf_blight,ADT45,55
augmented/105993_aug_0.jpg,bacterial_leaf_blight,ADT45,65
augmented/105993_aug_1.jpg,bacterial_leaf_blight,ADT45,65
augmented/105993_aug_2.jpg,bacterial_leaf_blight,ADT45,65
augmented/107251_aug_0.jpg,bacterial_leaf_blight,ADT45,60
augmented/107251_aug_1.jpg,bacterial_leaf_blight,ADT45,60
augmented/107251_aug_2.jpg,bacterial_leaf_blight,ADT45,60
augmented/109520_aug_0.jpg,bacterial_leaf_blight,ADT45,60
augmented/109520_aug_1.jpg,bacterial_leaf_blight,ADT45,60
augmented/109520_aug_2.jpg,bacterial_leaf_blight,ADT45,60
augmented/101761_aug_0.jpg,bacterial_leaf_blight,ADT45,72
augmented/101761_aug_1.jpg,bacterial_leaf_blight,ADT45,72
augmented/101761_aug_2.jpg,bacterial_leaf_blight,ADT45,72
augmented/109320_aug_0.jpg,bacterial_leaf_blight,ADT45,72
augmented/109320_aug_1.jpg,bacterial_leaf_blight,ADT45,72
augmented/109320_aug_2.jpg,bacterial_leaf_blight,ADT45,72
augmented/100268_aug_0.jpg,bacterial_leaf_blight,ADT45,72
augmented/100268_aug_1.jpg,bacterial_leaf_blight,ADT45,72
augmented/100268_aug_2.jpg,bacterial_leaf_blight,ADT45,72
augmented/102935_aug_0.jpg,bacterial_leaf_blight,Zonal,70
augmented/102935_aug_1.jpg,bacterial_leaf_blight,Zonal,70
augmented/102935_aug_2.jpg,bacterial_leaf_blight,Zonal,70
augmented/106811_aug_0.jpg,bacterial_leaf_blight,ADT45,72
augmented/106811_aug_1.jpg,bacterial_leaf_blight,ADT45,72
augmented/106811_aug_2.jpg,bacterial_leaf_blight,ADT45,72
augmented/108422_aug_0.jpg,bacterial_leaf_blight,ADT45,55
augmented/108422_aug_1.jpg,bacterial_leaf_blight,ADT45,55
augmented/108422_aug_2.jpg,bacterial_leaf_blight,ADT45,55
augmented/106514_aug_0.jpg,bacterial_leaf_blight,ADT45,55
augmented/106514_aug_1.jpg,bacterial_leaf_blight,ADT45,55
augmented/106514_aug_2.jpg,bacterial_leaf_blight,ADT45,55
augmented/109115_aug_0.jpg,bacterial_leaf_blight,ADT45,72
augmented/109115_aug_1.jpg,bacterial_leaf_blight,ADT45,72
augmented/109115_aug_2.jpg,bacterial_leaf_blight,ADT45,72
augmented/106545_aug_0.jpg,bacterial_leaf_blight,ADT45,72
augmented/106545_aug_1.jpg,bacterial_leaf_blight,ADT45,72
augmented/106545_aug_2.jpg,bacterial_leaf_blight,ADT45,72
augmented/108844_aug_0.jpg,bacterial_leaf_blight,ADT45,60
augmented/108844_aug_1.jpg,bacterial_leaf_blight,ADT45,60
augmented/108844_aug_2.jpg,bacterial_leaf_blight,ADT45,60
augmented/109324_aug_0.jpg,bacterial_leaf_blight,ADT45,68
augmented/109324_aug_1.jpg,bacterial_leaf_blight,ADT45,68
augmented/109324_aug_2.jpg,bacterial_leaf_blight,ADT45,68
augmented/109275_aug_0.jpg,bacterial_leaf_blight,ADT45,72
augmented/109275_aug_1.jpg,bacterial_leaf_blight,ADT45,72
augmented/109275_aug_2.jpg,bacterial_leaf_blight,ADT45,72
augmented/108117_aug_0.jpg,bacterial_leaf_blight,ADT45,55
augmented/108117_aug_1.jpg,bacterial_leaf_blight,ADT45,55
augmented/108117_aug_2.jpg,bacterial_leaf_blight,ADT45,55
augmented/105852_aug_0.jpg,bacterial_leaf_blight,ADT45,65
augmented/105852_aug_1.jpg,bacterial_leaf_blight,ADT45,65
augmented/105852_aug_2.jpg,bacterial_leaf_blight,ADT45,65
augmented/101013_aug_0.jpg,bacterial_leaf_blight,ADT45,72
augmented/101013_aug_1.jpg,bacterial_leaf_blight,ADT45,72
augmented/101013_aug_2.jpg,bacterial_leaf_blight,ADT45,72
augmented/108533_aug_0.jpg,bacterial_leaf_blight,ADT45,72
augmented/108533_aug_1.jpg,bacterial_leaf_blight,ADT45,72
augmented/108533_aug_2.jpg,bacterial_leaf_blight,ADT45,72
augmented/106645_aug_0.jpg,bacterial_leaf_blight,ADT45,55
augmented/106645_aug_1.jpg,bacterial_leaf_blight,ADT45,55
augmented/106645_aug_2.jpg,bacterial_leaf_blight,ADT45,55
augmented/102841_aug_0.jpg,bacterial_leaf_blight,ADT45,65
augmented/102841_aug_1.jpg,bacterial_leaf_blight,ADT45,65
augmented/102841_aug_2.jpg,bacterial_leaf_blight,ADT45,65
augmented/109870_aug_0.jpg,bacterial_leaf_blight,ADT45,72
augmented/109870_aug_1.jpg,bacterial_leaf_blight,ADT45,72
augmented/109870_aug_2.jpg,bacterial_leaf_blight,ADT45,72
augmented/103323_aug_0.jpg,bacterial_leaf_blight,ADT45,65
augmented/103323_aug_1.jpg,bacterial_leaf_blight,ADT45,65
augmented/103323_aug_2.jpg,bacterial_leaf_blight,ADT45,65
augmented/107863_aug_0.jpg,bacterial_leaf_blight,ADT45,72
augmented/107863_aug_1.jpg,bacterial_leaf_blight,ADT45,72
augmented/107863_aug_2.jpg,bacterial_leaf_blight,ADT45,72
augmented/101918_aug_0.jpg,bacterial_leaf_blight,ADT45,45
augmented/101918_aug_1.jpg,bacterial_leaf_blight,ADT45,45
augmented/101918_aug_2.jpg,bacterial_leaf_blight,ADT45,45
augmented/101933_aug_0.jpg,bacterial_leaf_blight,ADT45,70
augmented/101933_aug_1.jpg,bacterial_leaf_blight,ADT45,70
augmented/101933_aug_2.jpg,bacterial_leaf_blight,ADT45,70
augmented/102555_aug_0.jpg,bacterial_leaf_blight,ADT45,65
augmented/102555_aug_1.jpg,bacterial_leaf_blight,ADT45,65
augmented/102555_aug_2.jpg,bacterial_leaf_blight,ADT45,65
augmented/108876_aug_0.jpg,bacterial_leaf_blight,ADT45,55
augmented/108876_aug_1.jpg,bacterial_leaf_blight,ADT45,55
augmented/108876_aug_2.jpg,bacterial_leaf_blight,ADT45,55
augmented/107284_aug_0.jpg,bacterial_leaf_blight,ADT45,55
augmented/107284_aug_1.jpg,bacterial_leaf_blight,ADT45,55
augmented/107284_aug_2.jpg,bacterial_leaf_blight,ADT45,55
augmented/106202_aug_0.jpg,bacterial_leaf_blight,ADT45,72
augmented/106202_aug_1.jpg,bacterial_leaf_blight,ADT45,72
augmented/106202_aug_2.jpg,bacterial_leaf_blight,ADT45,72
augmented/102323_aug_0.jpg,bacterial_leaf_blight,ADT45,72
augmented/102323_aug_1.jpg,bacterial_leaf_blight,ADT45,72
augmented/102323_aug_2.jpg,bacterial_leaf_blight,ADT45,72
augmented/104997_aug_0.jpg,bacterial_leaf_blight,ADT45,55
augmented/104997_aug_1.jpg,bacterial_leaf_blight,ADT45,55
augmented/104997_aug_2.jpg,bacterial_leaf_blight,ADT45,55
augmented/101849_aug_0.jpg,bacterial_leaf_blight,ADT45,60
augmented/101849_aug_1.jpg,bacterial_leaf_blight,ADT45,60
augmented/101849_aug_2.jpg,bacterial_leaf_blight,ADT45,60
augmented/105272_aug_0.jpg,bacterial_leaf_blight,ADT45,72
augmented/105272_aug_1.jpg,bacterial_leaf_blight,ADT45,72
augmented/105272_aug_2.jpg,bacterial_leaf_blight,ADT45,72
augmented/108102_aug_0.jpg,bacterial_leaf_blight,Zonal,70
augmented/108102_aug_1.jpg,bacterial_leaf_blight,Zonal,70
augmented/108102_aug_2.jpg,bacterial_leaf_blight,Zonal,70
augmented/102902_aug_0.jpg,bacterial_leaf_blight,ADT45,72
augmented/102902_aug_1.jpg,bacterial_leaf_blight,ADT45,72
augmented/102902_aug_2.jpg,bacterial_leaf_blight,ADT45,72
augmented/102119_aug_0.jpg,bacterial_leaf_blight,ADT45,65
augmented/102119_aug_1.jpg,bacterial_leaf_blight,ADT45,65
augmented/102119_aug_2.jpg,bacterial_leaf_blight,ADT45,65
augmented/109375_aug_0.jpg,bacterial_leaf_blight,Ponni,47
augmented/109375_aug_1.jpg,bacterial_leaf_blight,Ponni,47
augmented/109375_aug_2.jpg,bacterial_leaf_blight,Ponni,47
augmented/106419_aug_0.jpg,bacterial_leaf_blight,Zonal,70
augmented/106419_aug_1.jpg,bacterial_leaf_blight,Zonal,70
augmented/106419_aug_2.jpg,bacterial_leaf_blight,Zonal,70
augmented/102127_aug_0.jpg,bacterial_leaf_blight,ADT45,72
augmented/102127_aug_1.jpg,bacterial_leaf_blight,ADT45,72
augmented/102127_aug_2.jpg,bacterial_leaf_blight,ADT45,72
augmented/101355_aug_0.jpg,bacterial_leaf_blight,ADT45,72
augmented/101355_aug_1.jpg,bacterial_leaf_blight,ADT45,72
augmented/101355_aug_2.jpg,bacterial_leaf_blight,ADT45,72
augmented/108673_aug_0.jpg,bacterial_leaf_blight,ADT45,50
augmented/108673_aug_1.jpg,bacterial_leaf_blight,ADT45,50
augmented/108673_aug_2.jpg,bacterial_leaf_blight,ADT45,50
augmented/109674_aug_0.jpg,bacterial_leaf_blight,ADT45,72
augmented/109674_aug_1.jpg,bacterial_leaf_blight,ADT45,72
augmented/109674_aug_2.jpg,bacterial_leaf_blight,ADT45,72
augmented/104752_aug_0.jpg,bacterial_leaf_blight,ADT45,70
augmented/104752_aug_1.jpg,bacterial_leaf_blight,ADT45,70
augmented/104752_aug_2.jpg,bacterial_leaf_blight,ADT45,70
augmented/108018_aug_0.jpg,bacterial_leaf_blight,Zonal,70
augmented/108018_aug_1.jpg,bacterial_leaf_blight,Zonal,70
augmented/108018_aug_2.jpg,bacterial_leaf_blight,Zonal,70
augmented/106539_aug_0.jpg,bacterial_leaf_blight,ADT45,45
augmented/106539_aug_1.jpg,bacterial_leaf_blight,ADT45,45
augmented/106539_aug_2.jpg,bacterial_leaf_blight,ADT45,45
augmented/109775_aug_0.jpg,bacterial_leaf_blight,ADT45,50
augmented/109775_aug_1.jpg,bacterial_leaf_blight,ADT45,50
augmented/109775_aug_2.jpg,bacterial_leaf_blight,ADT45,50
augmented/110234_aug_0.jpg,bacterial_leaf_blight,Ponni,47
augmented/110234_aug_1.jpg,bacterial_leaf_blight,Ponni,47
augmented/110234_aug_2.jpg,bacterial_leaf_blight,Ponni,47
augmented/109972_aug_0.jpg,bacterial_leaf_blight,Ponni,47
augmented/109972_aug_1.jpg,bacterial_leaf_blight,Ponni,47
augmented/109972_aug_2.jpg,bacterial_leaf_blight,Ponni,47
augmented/100623_aug_0.jpg,bacterial_leaf_blight,ADT45,72
augmented/100623_aug_1.jpg,bacterial_leaf_blight,ADT45,72
augmented/100623_aug_2.jpg,bacterial_leaf_blight,ADT45,72
augmented/109440_aug_0.jpg,bacterial_leaf_blight,ADT45,55
augmented/109440_aug_1.jpg,bacterial_leaf_blight,ADT45,55
augmented/109440_aug_2.jpg,bacterial_leaf_blight,ADT45,55
augmented/102206_aug_0.jpg,bacterial_leaf_blight,ADT45,72
augmented/102206_aug_1.jpg,bacterial_leaf_blight,ADT45,72
augmented/102206_aug_2.jpg,bacterial_leaf_blight,ADT45,72
augmented/102648_aug_0.jpg,bacterial_leaf_blight,ADT45,68
augmented/102648_aug_1.jpg,bacterial_leaf_blight,ADT45,68
augmented/102648_aug_2.jpg,bacterial_leaf_blight,ADT45,68
augmented/109673_aug_0.jpg,bacterial_leaf_blight,ADT45,72
augmented/109673_aug_1.jpg,bacterial_leaf_blight,ADT45,72
augmented/109673_aug_2.jpg,bacterial_leaf_blight,ADT45,72
augmented/102617_aug_0.jpg,bacterial_leaf_blight,ADT45,55
augmented/102617_aug_1.jpg,bacterial_leaf_blight,ADT45,55
augmented/102617_aug_2.jpg,bacterial_leaf_blight,ADT45,55
augmented/102890_aug_0.jpg,bacterial_leaf_blight,Ponni,47
augmented/102890_aug_1.jpg,bacterial_leaf_blight,Ponni,47
augmented/102890_aug_2.jpg,bacterial_leaf_blight,Ponni,47
augmented/102773_aug_0.jpg,bacterial_leaf_blight,ADT45,55
augmented/102773_aug_1.jpg,bacterial_leaf_blight,ADT45,55
augmented/102773_aug_2.jpg,bacterial_leaf_blight,ADT45,55
augmented/107064_aug_0.jpg,bacterial_leaf_blight,Ponni,47
augmented/107064_aug_1.jpg,bacterial_leaf_blight,Ponni,47
augmented/107064_aug_2.jpg,bacterial_leaf_blight,Ponni,47
augmented/107904_aug_0.jpg,bacterial_leaf_blight,ADT45,72
augmented/107904_aug_1.jpg,bacterial_leaf_blight,ADT45,72
augmented/107904_aug_2.jpg,bacterial_leaf_blight,ADT45,72
augmented/108039_aug_0.jpg,bacterial_leaf_blight,ADT45,72
augmented/108039_aug_1.jpg,bacterial_leaf_blight,ADT45,72
augmented/108039_aug_2.jpg,bacterial_leaf_blight,ADT45,72
augmented/108415_aug_0.jpg,bacterial_leaf_blight,ADT45,55
augmented/108415_aug_1.jpg,bacterial_leaf_blight,ADT45,55
augmented/108415_aug_2.jpg,bacterial_leaf_blight,ADT45,55
augmented/101995_aug_0.jpg,bacterial_leaf_blight,ADT45,72
augmented/101995_aug_1.jpg,bacterial_leaf_blight,ADT45,72
augmented/101995_aug_2.jpg,bacterial_leaf_blight,ADT45,72
augmented/105570_aug_0.jpg,bacterial_leaf_blight,ADT45,65
augmented/105570_aug_1.jpg,bacterial_leaf_blight,ADT45,65
augmented/105570_aug_2.jpg,bacterial_leaf_blight,ADT45,65
augmented/101818_aug_0.jpg,bacterial_leaf_blight,ADT45,72
augmented/101818_aug_1.jpg,bacterial_leaf_blight,ADT45,72
augmented/101818_aug_2.jpg,bacterial_leaf_blight,ADT45,72
augmented/103097_aug_0.jpg,bacterial_leaf_blight,ADT45,65
augmented/103097_aug_1.jpg,bacterial_leaf_blight,ADT45,65
augmented/103097_aug_2.jpg,bacterial_leaf_blight,ADT45,65
augmented/101516_aug_0.jpg,bacterial_leaf_blight,ADT45,55
augmented/101516_aug_1.jpg,bacterial_leaf_blight,ADT45,55
augmented/101516_aug_2.jpg,bacterial_leaf_blight,ADT45,55
augmented/100169_aug_0.jpg,bacterial_leaf_blight,ADT45,65
augmented/100169_aug_1.jpg,bacterial_leaf_blight,ADT45,65
augmented/100169_aug_2.jpg,bacterial_leaf_blight,ADT45,65
augmented/109635_aug_0.jpg,bacterial_leaf_blight,ADT45,55
augmented/109635_aug_1.jpg,bacterial_leaf_blight,ADT45,55
augmented/109635_aug_2.jpg,bacterial_leaf_blight,ADT45,55
augmented/104432_aug_0.jpg,bacterial_leaf_blight,ADT45,55
augmented/104432_aug_1.jpg,bacterial_leaf_blight,ADT45,55
augmented/104432_aug_2.jpg,bacterial_leaf_blight,ADT45,55
augmented/104324_aug_0.jpg,bacterial_leaf_blight,ADT45,72
augmented/104324_aug_1.jpg,bacterial_leaf_blight,ADT45,72
augmented/104324_aug_2.jpg,bacterial_leaf_blight,ADT45,72
augmented/106861_aug_0.jpg,bacterial_leaf_blight,ADT45,70
augmented/106861_aug_1.jpg,bacterial_leaf_blight,ADT45,70
augmented/106861_aug_2.jpg,bacterial_leaf_blight,ADT45,70
augmented/107036_aug_0.jpg,bacterial_leaf_blight,ADT45,72
augmented/107036_aug_1.jpg,bacterial_leaf_blight,ADT45,72
augmented/107036_aug_2.jpg,bacterial_leaf_blight,ADT45,72
augmented/108340_aug_0.jpg,bacterial_leaf_blight,ADT45,55
augmented/108340_aug_1.jpg,bacterial_leaf_blight,ADT45,55
augmented/108340_aug_2.jpg,bacterial_leaf_blight,ADT45,55
augmented/101888_aug_0.jpg,bacterial_leaf_blight,ADT45,55
augmented/101888_aug_1.jpg,bacterial_leaf_blight,ADT45,55
augmented/101888_aug_2.jpg,bacterial_leaf_blight,ADT45,55
augmented/100162_aug_0.jpg,bacterial_leaf_blight,ADT45,70
augmented/100162_aug_1.jpg,bacterial_leaf_blight,ADT45,70
augmented/100162_aug_2.jpg,bacterial_leaf_blight,ADT45,70
augmented/105521_aug_0.jpg,bacterial_leaf_blight,KarnatakaPonni,50
augmented/105521_aug_1.jpg,bacterial_leaf_blight,KarnatakaPonni,50
augmented/105521_aug_2.jpg,bacterial_leaf_blight,KarnatakaPonni,50
augmented/109249_aug_0.jpg,bacterial_leaf_blight,ADT45,55
augmented/109249_aug_1.jpg,bacterial_leaf_blight,ADT45,55
augmented/109249_aug_2.jpg,bacterial_leaf_blight,ADT45,55
augmented/105677_aug_0.jpg,bacterial_leaf_blight,ADT45,72
augmented/105677_aug_1.jpg,bacterial_leaf_blight,ADT45,72
augmented/105677_aug_2.jpg,bacterial_leaf_blight,ADT45,72
augmented/104697_aug_0.jpg,bacterial_leaf_blight,ADT45,68
augmented/104697_aug_1.jpg,bacterial_leaf_blight,ADT45,68
augmented/104697_aug_2.jpg,bacterial_leaf_blight,ADT45,68
augmented/103839_aug_0.jpg,bacterial_leaf_blight,Zonal,70
augmented/103839_aug_1.jpg,bacterial_leaf_blight,Zonal,70
augmented/103839_aug_2.jpg,bacterial_leaf_blight,Zonal,70
augmented/107466_aug_0.jpg,bacterial_leaf_blight,ADT45,68
augmented/107466_aug_1.jpg,bacterial_leaf_blight,ADT45,68
augmented/107466_aug_2.jpg,bacterial_leaf_blight,ADT45,68
augmented/105250_aug_0.jpg,bacterial_leaf_blight,ADT45,68
augmented/105250_aug_1.jpg,bacterial_leaf_blight,ADT45,68
augmented/105250_aug_2.jpg,bacterial_leaf_blight,ADT45,68
augmented/102128_aug_0.jpg,bacterial_leaf_blight,ADT45,55
augmented/102128_aug_1.jpg,bacterial_leaf_blight,ADT45,55
augmented/102128_aug_2.jpg,bacterial_leaf_blight,ADT45,55
augmented/106754_aug_0.jpg,bacterial_leaf_blight,ADT45,72
augmented/106754_aug_1.jpg,bacterial_leaf_blight,ADT45,72
augmented/106754_aug_2.jpg,bacterial_leaf_blight,ADT45,72
augmented/100956_aug_0.jpg,bacterial_leaf_blight,ADT45,72
augmented/100956_aug_1.jpg,bacterial_leaf_blight,ADT45,72
augmented/100956_aug_2.jpg,bacterial_leaf_blight,ADT45,72
augmented/100653_aug_0.jpg,bacterial_leaf_blight,Ponni,47
augmented/100653_aug_1.jpg,bacterial_leaf_blight,Ponni,47
augmented/100653_aug_2.jpg,bacterial_leaf_blight,Ponni,47
augmented/106142_aug_0.jpg,bacterial_leaf_blight,Zonal,70
augmented/106142_aug_1.jpg,bacterial_leaf_blight,Zonal,70
augmented/106142_aug_2.jpg,bacterial_leaf_blight,Zonal,70
augmented/100883_aug_0.jpg,bacterial_leaf_blight,ADT45,72
augmented/100883_aug_1.jpg,bacterial_leaf_blight,ADT45,72
augmented/100883_aug_2.jpg,bacterial_leaf_blight,ADT45,72
augmented/109315_aug_0.jpg,bacterial_leaf_blight,Ponni,47
augmented/109315_aug_1.jpg,bacterial_leaf_blight,Ponni,47
augmented/109315_aug_2.jpg,bacterial_leaf_blight,Ponni,47
augmented/104605_aug_0.jpg,bacterial_leaf_blight,ADT45,55
augmented/104605_aug_1.jpg,bacterial_leaf_blight,ADT45,55
augmented/104605_aug_2.jpg,bacterial_leaf_blight,ADT45,55
augmented/108526_aug_0.jpg,bacterial_leaf_blight,ADT45,72
augmented/108526_aug_1.jpg,bacterial_leaf_blight,ADT45,72
augmented/108526_aug_2.jpg,bacterial_leaf_blight,ADT45,72
augmented/105046_aug_0.jpg,bacterial_leaf_blight,Ponni,47
augmented/105046_aug_1.jpg,bacterial_leaf_blight,Ponni,47
augmented/105046_aug_2.jpg,bacterial_leaf_blight,Ponni,47
augmented/104106_aug_0.jpg,bacterial_leaf_blight,ADT45,65
augmented/104106_aug_1.jpg,bacterial_leaf_blight,ADT45,65
augmented/104106_aug_2.jpg,bacterial_leaf_blight,ADT45,65
augmented/107594_aug_0.jpg,bacterial_leaf_blight,Surya,45
augmented/107594_aug_1.jpg,bacterial_leaf_blight,Surya,45
augmented/107594_aug_2.jpg,bacterial_leaf_blight,Surya,45
augmented/104732_aug_0.jpg,bacterial_leaf_blight,ADT45,65
augmented/104732_aug_1.jpg,bacterial_leaf_blight,ADT45,65
augmented/104732_aug_2.jpg,bacterial_leaf_blight,ADT45,65
augmented/102726_aug_0.jpg,bacterial_leaf_blight,ADT45,50
augmented/102726_aug_1.jpg,bacterial_leaf_blight,ADT45,50
augmented/102726_aug_2.jpg,bacterial_leaf_blight,ADT45,50
augmented/105324_aug_0.jpg,bacterial_leaf_blight,ADT45,72
augmented/105324_aug_1.jpg,bacterial_leaf_blight,ADT45,72
augmented/105324_aug_2.jpg,bacterial_leaf_blight,ADT45,72
augmented/102817_aug_0.jpg,bacterial_leaf_blight,KarnatakaPonni,50
augmented/102817_aug_1.jpg,bacterial_leaf_blight,KarnatakaPonni,50
augmented/102817_aug_2.jpg,bacterial_leaf_blight,KarnatakaPonni,50
augmented/107474_aug_0.jpg,bacterial_leaf_blight,ADT45,72
augmented/107474_aug_1.jpg,bacterial_leaf_blight,ADT45,72
augmented/107474_aug_2.jpg,bacterial_leaf_blight,ADT45,72
augmented/103389_aug_0.jpg,bacterial_leaf_blight,ADT45,72
augmented/103389_aug_1.jpg,bacterial_leaf_blight,ADT45,72
augmented/103389_aug_2.jpg,bacterial_leaf_blight,ADT45,72
augmented/110083_aug_0.jpg,bacterial_leaf_blight,ADT45,60
augmented/110083_aug_1.jpg,bacterial_leaf_blight,ADT45,60
augmented/110083_aug_2.jpg,bacterial_leaf_blight,ADT45,60
augmented/105255_aug_0.jpg,bacterial_leaf_blight,ADT45,72
augmented/105255_aug_1.jpg,bacterial_leaf_blight,ADT45,72
augmented/105255_aug_2.jpg,bacterial_leaf_blight,ADT45,72
augmented/110382_aug_0.jpg,bacterial_leaf_blight,ADT45,50
augmented/110382_aug_1.jpg,bacterial_leaf_blight,ADT45,50
augmented/110382_aug_2.jpg,bacterial_leaf_blight,ADT45,50
augmented/100447_aug_0.jpg,bacterial_leaf_blight,ADT45,55
augmented/100447_aug_1.jpg,bacterial_leaf_blight,ADT45,55
augmented/100447_aug_2.jpg,bacterial_leaf_blight,ADT45,55
augmented/109219_aug_0.jpg,bacterial_leaf_blight,ADT45,68
augmented/109219_aug_1.jpg,bacterial_leaf_blight,ADT45,68
augmented/109219_aug_2.jpg,bacterial_leaf_blight,ADT45,68
augmented/101857_aug_0.jpg,bacterial_leaf_blight,Ponni,47
augmented/101857_aug_1.jpg,bacterial_leaf_blight,Ponni,47
augmented/101857_aug_2.jpg,bacterial_leaf_blight,Ponni,47
augmented/104691_aug_0.jpg,bacterial_leaf_blight,ADT45,55
augmented/104691_aug_1.jpg,bacterial_leaf_blight,ADT45,55
augmented/104691_aug_2.jpg,bacterial_leaf_blight,ADT45,55
augmented/107472_aug_0.jpg,bacterial_leaf_blight,ADT45,72
augmented/107472_aug_1.jpg,bacterial_leaf_blight,ADT45,72
augmented/107472_aug_2.jpg,bacterial_leaf_blight,ADT45,72
augmented/109588_aug_0.jpg,bacterial_leaf_blight,ADT45,55
augmented/109588_aug_1.jpg,bacterial_leaf_blight,ADT45,55
augmented/109588_aug_2.jpg,bacterial_leaf_blight,ADT45,55
augmented/101004_aug_0.jpg,bacterial_leaf_blight,ADT45,60
augmented/101004_aug_1.jpg,bacterial_leaf_blight,ADT45,60
augmented/101004_aug_2.jpg,bacterial_leaf_blight,ADT45,60
augmented/109460_aug_0.jpg,bacterial_leaf_blight,ADT45,72
augmented/109460_aug_1.jpg,bacterial_leaf_blight,ADT45,72
augmented/109460_aug_2.jpg,bacterial_leaf_blight,ADT45,72
augmented/110392_aug_0.jpg,bacterial_leaf_blight,ADT45,55
augmented/110392_aug_1.jpg,bacterial_leaf_blight,ADT45,55
augmented/110392_aug_2.jpg,bacterial_leaf_blight,ADT45,55
augmented/106812_aug_0.jpg,bacterial_leaf_blight,ADT45,72
augmented/106812_aug_1.jpg,bacterial_leaf_blight,ADT45,72
augmented/106812_aug_2.jpg,bacterial_leaf_blight,ADT45,72
augmented/100541_aug_0.jpg,bacterial_leaf_blight,ADT45,50
augmented/100541_aug_1.jpg,bacterial_leaf_blight,ADT45,50
augmented/100541_aug_2.jpg,bacterial_leaf_blight,ADT45,50
augmented/105794_aug_0.jpg,bacterial_leaf_blight,ADT45,50
augmented/105794_aug_1.jpg,bacterial_leaf_blight,ADT45,50
augmented/105794_aug_2.jpg,bacterial_leaf_blight,ADT45,50
augmented/104819_aug_0.jpg,bacterial_leaf_blight,ADT45,55
augmented/104819_aug_1.jpg,bacterial_leaf_blight,ADT45,55
augmented/104819_aug_2.jpg,bacterial_leaf_blight,ADT45,55
augmented/109514_aug_0.jpg,bacterial_leaf_blight,ADT45,50
augmented/109514_aug_1.jpg,bacterial_leaf_blight,ADT45,50
augmented/109514_aug_2.jpg,bacterial_leaf_blight,ADT45,50
augmented/101886_aug_0.jpg,bacterial_leaf_blight,Onthanel,70
augmented/101886_aug_1.jpg,bacterial_leaf_blight,Onthanel,70
augmented/101886_aug_2.jpg,bacterial_leaf_blight,Onthanel,70
augmented/106916_aug_0.jpg,bacterial_leaf_blight,ADT45,72
augmented/106916_aug_1.jpg,bacterial_leaf_blight,ADT45,72
augmented/106916_aug_2.jpg,bacterial_leaf_blight,ADT45,72
augmented/103070_aug_0.jpg,bacterial_leaf_blight,ADT45,72
augmented/103070_aug_1.jpg,bacterial_leaf_blight,ADT45,72
augmented/103070_aug_2.jpg,bacterial_leaf_blight,ADT45,72
augmented/101649_aug_0.jpg,bacterial_leaf_blight,KarnatakaPonni,50
augmented/101649_aug_1.jpg,bacterial_leaf_blight,KarnatakaPonni,50
augmented/101649_aug_2.jpg,bacterial_leaf_blight,KarnatakaPonni,50
augmented/105823_aug_0.jpg,bacterial_leaf_blight,ADT45,72
augmented/105823_aug_1.jpg,bacterial_leaf_blight,ADT45,72
augmented/105823_aug_2.jpg,bacterial_leaf_blight,ADT45,72
augmented/101176_aug_0.jpg,bacterial_leaf_blight,ADT45,55
augmented/101176_aug_1.jpg,bacterial_leaf_blight,ADT45,55
augmented/101176_aug_2.jpg,bacterial_leaf_blight,ADT45,55
augmented/100925_aug_0.jpg,bacterial_leaf_blight,ADT45,72
augmented/100925_aug_1.jpg,bacterial_leaf_blight,ADT45,72
augmented/100925_aug_2.jpg,bacterial_leaf_blight,ADT45,72
augmented/107619_aug_0.jpg,bacterial_leaf_blight,ADT45,55
augmented/107619_aug_1.jpg,bacterial_leaf_blight,ADT45,55
augmented/107619_aug_2.jpg,bacterial_leaf_blight,ADT45,55
augmented/109366_aug_0.jpg,bacterial_leaf_blight,ADT45,55
augmented/109366_aug_1.jpg,bacterial_leaf_blight,ADT45,55
augmented/109366_aug_2.jpg,bacterial_leaf_blight,ADT45,55
augmented/104576_aug_0.jpg,bacterial_leaf_blight,ADT45,55
augmented/104576_aug_1.jpg,bacterial_leaf_blight,ADT45,55
augmented/104576_aug_2.jpg,bacterial_leaf_blight,ADT45,55
augmented/102835_aug_0.jpg,bacterial_leaf_blight,ADT45,72
augmented/102835_aug_1.jpg,bacterial_leaf_blight,ADT45,72
augmented/102835_aug_2.jpg,bacterial_leaf_blight,ADT45,72
augmented/106340_aug_0.jpg,bacterial_leaf_blight,ADT45,55
augmented/106340_aug_1.jpg,bacterial_leaf_blight,ADT45,55
augmented/106340_aug_2.jpg,bacterial_leaf_blight,ADT45,55
augmented/102940_aug_0.jpg,bacterial_leaf_blight,IR20,50
augmented/102940_aug_1.jpg,bacterial_leaf_blight,IR20,50
augmented/102940_aug_2.jpg,bacterial_leaf_blight,IR20,50
augmented/109818_aug_0.jpg,bacterial_leaf_blight,ADT45,50
augmented/109818_aug_1.jpg,bacterial_leaf_blight,ADT45,50
augmented/109818_aug_2.jpg,bacterial_leaf_blight,ADT45,50
augmented/103606_aug_0.jpg,bacterial_leaf_blight,ADT45,55
augmented/103606_aug_1.jpg,bacterial_leaf_blight,ADT45,55
augmented/103606_aug_2.jpg,bacterial_leaf_blight,ADT45,55
augmented/108183_aug_0.jpg,bacterial_leaf_blight,ADT45,65
augmented/108183_aug_1.jpg,bacterial_leaf_blight,ADT45,65
augmented/108183_aug_2.jpg,bacterial_leaf_blight,ADT45,65
augmented/104800_aug_0.jpg,bacterial_leaf_blight,ADT45,45
augmented/104800_aug_1.jpg,bacterial_leaf_blight,ADT45,45
augmented/104800_aug_2.jpg,bacterial_leaf_blight,ADT45,45
augmented/105122_aug_0.jpg,bacterial_leaf_blight,ADT45,50
augmented/105122_aug_1.jpg,bacterial_leaf_blight,ADT45,50
augmented/105122_aug_2.jpg,bacterial_leaf_blight,ADT45,50
augmented/107533_aug_0.jpg,bacterial_leaf_blight,ADT45,72
augmented/107533_aug_1.jpg,bacterial_leaf_blight,ADT45,72
augmented/107533_aug_2.jpg,bacterial_leaf_blight,ADT45,72
augmented/103355_aug_0.jpg,bacterial_leaf_blight,ADT45,72
augmented/103355_aug_1.jpg,bacterial_leaf_blight,ADT45,72
augmented/103355_aug_2.jpg,bacterial_leaf_blight,ADT45,72
augmented/106263_aug_0.jpg,bacterial_leaf_blight,ADT45,55
augmented/106263_aug_1.jpg,bacterial_leaf_blight,ADT45,55
augmented/106263_aug_2.jpg,bacterial_leaf_blight,ADT45,55
augmented/109372_aug_0.jpg,bacterial_leaf_blight,ADT45,72
augmented/109372_aug_1.jpg,bacterial_leaf_blight,ADT45,72
augmented/109372_aug_2.jpg,bacterial_leaf_blight,ADT45,72
augmented/103357_aug_0.jpg,bacterial_leaf_blight,ADT45,72
augmented/103357_aug_1.jpg,bacterial_leaf_blight,ADT45,72
augmented/103357_aug_2.jpg,bacterial_leaf_blight,ADT45,72
augmented/103230_aug_0.jpg,bacterial_leaf_blight,IR20,50
augmented/103230_aug_1.jpg,bacterial_leaf_blight,IR20,50
augmented/103230_aug_2.jpg,bacterial_leaf_blight,IR20,50
augmented/106292_aug_0.jpg,bacterial_leaf_blight,ADT45,55
augmented/106292_aug_1.jpg,bacterial_leaf_blight,ADT45,55
augmented/106292_aug_2.jpg,bacterial_leaf_blight,ADT45,55
augmented/102420_aug_0.jpg,bacterial_leaf_blight,ADT45,65
augmented/102420_aug_1.jpg,bacterial_leaf_blight,ADT45,65
augmented/102420_aug_2.jpg,bacterial_leaf_blight,ADT45,65
augmented/101658_aug_0.jpg,bacterial_leaf_blight,ADT45,55
augmented/101658_aug_1.jpg,bacterial_leaf_blight,ADT45,55
augmented/101658_aug_2.jpg,bacterial_leaf_blight,ADT45,55
augmented/101979_aug_0.jpg,bacterial_leaf_blight,ADT45,60
augmented/101979_aug_1.jpg,bacterial_leaf_blight,ADT45,60
augmented/101979_aug_2.jpg,bacterial_leaf_blight,ADT45,60
augmented/105979_aug_0.jpg,bacterial_leaf_blight,ADT45,72
augmented/105979_aug_1.jpg,bacterial_leaf_blight,ADT45,72
augmented/105979_aug_2.jpg,bacterial_leaf_blight,ADT45,72
augmented/105209_aug_0.jpg,bacterial_leaf_blight,KarnatakaPonni,50
augmented/105209_aug_1.jpg,bacterial_leaf_blight,KarnatakaPonni,50
augmented/105209_aug_2.jpg,bacterial_leaf_blight,KarnatakaPonni,50
augmented/101973_aug_0.jpg,bacterial_leaf_blight,ADT45,50
augmented/101973_aug_1.jpg,bacterial_leaf_blight,ADT45,50
augmented/101973_aug_2.jpg,bacterial_leaf_blight,ADT45,50
augmented/104086_aug_0.jpg,bacterial_leaf_blight,ADT45,68
augmented/104086_aug_1.jpg,bacterial_leaf_blight,ADT45,68
augmented/104086_aug_2.jpg,bacterial_leaf_blight,ADT45,68
augmented/102038_aug_0.jpg,bacterial_leaf_blight,ADT45,72
augmented/102038_aug_1.jpg,bacterial_leaf_blight,ADT45,72
augmented/102038_aug_2.jpg,bacterial_leaf_blight,ADT45,72
augmented/108005_aug_0.jpg,bacterial_leaf_blight,Ponni,47
augmented/108005_aug_1.jpg,bacterial_leaf_blight,Ponni,47
augmented/108005_aug_2.jpg,bacterial_leaf_blight,Ponni,47
augmented/103033_aug_0.jpg,bacterial_leaf_blight,ADT45,72
augmented/103033_aug_1.jpg,bacterial_leaf_blight,ADT45,72
augmented/103033_aug_2.jpg,bacterial_leaf_blight,ADT45,72
augmented/101391_aug_0.jpg,bacterial_leaf_blight,ADT45,70
augmented/101391_aug_1.jpg,bacterial_leaf_blight,ADT45,70
augmented/101391_aug_2.jpg,bacterial_leaf_blight,ADT45,70
augmented/102071_aug_0.jpg,bacterial_leaf_blight,Onthanel,70
augmented/102071_aug_1.jpg,bacterial_leaf_blight,Onthanel,70
augmented/102071_aug_2.jpg,bacterial_leaf_blight,Onthanel,70
augmented/102338_aug_0.jpg,bacterial_leaf_blight,ADT45,72
augmented/102338_aug_1.jpg,bacterial_leaf_blight,ADT45,72
augmented/102338_aug_2.jpg,bacterial_leaf_blight,ADT45,72
augmented/101731_aug_0.jpg,bacterial_leaf_blight,ADT45,65
augmented/101731_aug_1.jpg,bacterial_leaf_blight,ADT45,65
augmented/101731_aug_2.jpg,bacterial_leaf_blight,ADT45,65
augmented/105291_aug_0.jpg,bacterial_leaf_blight,ADT45,50
augmented/105291_aug_1.jpg,bacterial_leaf_blight,ADT45,50
augmented/105291_aug_2.jpg,bacterial_leaf_blight,ADT45,50
augmented/100513_aug_0.jpg,bacterial_leaf_blight,ADT45,65
augmented/100513_aug_1.jpg,bacterial_leaf_blight,ADT45,65
augmented/100513_aug_2.jpg,bacterial_leaf_blight,ADT45,65
augmented/107177_aug_0.jpg,bacterial_leaf_blight,ADT45,55
augmented/107177_aug_1.jpg,bacterial_leaf_blight,ADT45,55
augmented/107177_aug_2.jpg,bacterial_leaf_blight,ADT45,55
augmented/108265_aug_0.jpg,bacterial_leaf_blight,ADT45,55
augmented/108265_aug_1.jpg,bacterial_leaf_blight,ADT45,55
augmented/108265_aug_2.jpg,bacterial_leaf_blight,ADT45,55
augmented/103177_aug_0.jpg,bacterial_leaf_blight,Zonal,70
augmented/103177_aug_1.jpg,bacterial_leaf_blight,Zonal,70
augmented/103177_aug_2.jpg,bacterial_leaf_blight,Zonal,70
augmented/107254_aug_0.jpg,bacterial_leaf_blight,ADT45,65
augmented/107254_aug_1.jpg,bacterial_leaf_blight,ADT45,65
augmented/107254_aug_2.jpg,bacterial_leaf_blight,ADT45,65
augmented/108520_aug_0.jpg,bacterial_leaf_blight,ADT45,50
augmented/108520_aug_1.jpg,bacterial_leaf_blight,ADT45,50
augmented/108520_aug_2.jpg,bacterial_leaf_blight,ADT45,50
augmented/108231_aug_0.jpg,bacterial_leaf_blight,ADT45,72
augmented/108231_aug_1.jpg,bacterial_leaf_blight,ADT45,72
augmented/108231_aug_2.jpg,bacterial_leaf_blight,ADT45,72
augmented/100516_aug_0.jpg,bacterial_leaf_blight,IR20,50
augmented/100516_aug_1.jpg,bacterial_leaf_blight,IR20,50
augmented/100516_aug_2.jpg,bacterial_leaf_blight,IR20,50
augmented/102166_aug_0.jpg,bacterial_leaf_blight,ADT45,55
augmented/102166_aug_1.jpg,bacterial_leaf_blight,ADT45,55
augmented/102166_aug_2.jpg,bacterial_leaf_blight,ADT45,55
augmented/103629_aug_0.jpg,bacterial_leaf_blight,ADT45,72
augmented/103629_aug_1.jpg,bacterial_leaf_blight,ADT45,72
augmented/103629_aug_2.jpg,bacterial_leaf_blight,ADT45,72
augmented/109910_aug_0.jpg,bacterial_leaf_blight,ADT45,72
augmented/109910_aug_1.jpg,bacterial_leaf_blight,ADT45,72
augmented/109910_aug_2.jpg,bacterial_leaf_blight,ADT45,72
augmented/105486_aug_0.jpg,bacterial_leaf_blight,ADT45,55
augmented/105486_aug_1.jpg,bacterial_leaf_blight,ADT45,55
augmented/105486_aug_2.jpg,bacterial_leaf_blight,ADT45,55
augmented/108320_aug_0.jpg,bacterial_leaf_blight,ADT45,45
augmented/108320_aug_1.jpg,bacterial_leaf_blight,ADT45,45
augmented/108320_aug_2.jpg,bacterial_leaf_blight,ADT45,45
augmented/100148_aug_0.jpg,bacterial_leaf_blight,Ponni,47
augmented/100148_aug_1.jpg,bacterial_leaf_blight,Ponni,47
augmented/100148_aug_2.jpg,bacterial_leaf_blight,Ponni,47
augmented/106141_aug_0.jpg,bacterial_leaf_blight,ADT45,55
augmented/106141_aug_1.jpg,bacterial_leaf_blight,ADT45,55
augmented/106141_aug_2.jpg,bacterial_leaf_blight,ADT45,55
augmented/107326_aug_0.jpg,bacterial_leaf_blight,ADT45,72
augmented/107326_aug_1.jpg,bacterial_leaf_blight,ADT45,72
augmented/107326_aug_2.jpg,bacterial_leaf_blight,ADT45,72
augmented/100445_aug_0.jpg,bacterial_leaf_blight,Ponni,47
augmented/100445_aug_1.jpg,bacterial_leaf_blight,Ponni,47
augmented/100445_aug_2.jpg,bacterial_leaf_blight,Ponni,47
augmented/104271_aug_0.jpg,bacterial_leaf_blight,ADT45,55
augmented/104271_aug_1.jpg,bacterial_leaf_blight,ADT45,55
augmented/104271_aug_2.jpg,bacterial_leaf_blight,ADT45,55
augmented/108199_aug_0.jpg,bacterial_leaf_blight,ADT45,55
augmented/108199_aug_1.jpg,bacterial_leaf_blight,ADT45,55
augmented/108199_aug_2.jpg,bacterial_leaf_blight,ADT45,55
augmented/108487_aug_0.jpg,bacterial_leaf_blight,ADT45,72
augmented/108487_aug_1.jpg,bacterial_leaf_blight,ADT45,72
augmented/108487_aug_2.jpg,bacterial_leaf_blight,ADT45,72
augmented/110400_aug_0.jpg,bacterial_leaf_blight,ADT45,55
augmented/110400_aug_1.jpg,bacterial_leaf_blight,ADT45,55
augmented/110400_aug_2.jpg,bacterial_leaf_blight,ADT45,55
augmented/104273_aug_0.jpg,bacterial_leaf_blight,ADT45,55
augmented/104273_aug_1.jpg,bacterial_leaf_blight,ADT45,55
augmented/104273_aug_2.jpg,bacterial_leaf_blight,ADT45,55
augmented/105648_aug_0.jpg,bacterial_leaf_blight,Onthanel,70
augmented/105648_aug_1.jpg,bacterial_leaf_blight,Onthanel,70
augmented/105648_aug_2.jpg,bacterial_leaf_blight,Onthanel,70
augmented/100330_aug_0.jpg,bacterial_leaf_blight,ADT45,45
augmented/100330_aug_1.jpg,bacterial_leaf_blight,ADT45,45
augmented/100330_aug_2.jpg,bacterial_leaf_blight,ADT45,45
augmented/104690_aug_0.jpg,bacterial_leaf_blight,Surya,45
augmented/104690_aug_1.jpg,bacterial_leaf_blight,Surya,45
augmented/104690_aug_2.jpg,bacterial_leaf_blight,Surya,45
augmented/103500_aug_0.jpg,bacterial_leaf_blight,ADT45,72
augmented/103500_aug_1.jpg,bacterial_leaf_blight,ADT45,72
augmented/103500_aug_2.jpg,bacterial_leaf_blight,ADT45,72
augmented/107812_aug_0.jpg,bacterial_leaf_blight,ADT45,65
augmented/107812_aug_1.jpg,bacterial_leaf_blight,ADT45,65
augmented/107812_aug_2.jpg,bacterial_leaf_blight,ADT45,65
augmented/105857_aug_0.jpg,bacterial_leaf_blight,ADT45,55
augmented/105857_aug_1.jpg,bacterial_leaf_blight,ADT45,55
augmented/105857_aug_2.jpg,bacterial_leaf_blight,ADT45,55
augmented/101767_aug_0.jpg,bacterial_leaf_blight,ADT45,55
augmented/101767_aug_1.jpg,bacterial_leaf_blight,ADT45,55
augmented/101767_aug_2.jpg,bacterial_leaf_blight,ADT45,55
augmented/104827_aug_0.jpg,bacterial_leaf_blight,ADT45,55
augmented/104827_aug_1.jpg,bacterial_leaf_blight,ADT45,55
augmented/104827_aug_2.jpg,bacterial_leaf_blight,ADT45,55
augmented/106295_aug_0.jpg,bacterial_leaf_blight,ADT45,72
augmented/106295_aug_1.jpg,bacterial_leaf_blight,ADT45,72
augmented/106295_aug_2.jpg,bacterial_leaf_blight,ADT45,72
augmented/110090_aug_0.jpg,bacterial_leaf_blight,ADT45,50
augmented/110090_aug_1.jpg,bacterial_leaf_blight,ADT45,50
augmented/110090_aug_2.jpg,bacterial_leaf_blight,ADT45,50
augmented/101173_aug_0.jpg,bacterial_leaf_blight,ADT45,50
augmented/101173_aug_1.jpg,bacterial_leaf_blight,ADT45,50
augmented/101173_aug_2.jpg,bacterial_leaf_blight,ADT45,50
augmented/107296_aug_0.jpg,bacterial_leaf_blight,ADT45,55
augmented/107296_aug_1.jpg,bacterial_leaf_blight,ADT45,55
augmented/107296_aug_2.jpg,bacterial_leaf_blight,ADT45,55
augmented/101647_aug_0.jpg,bacterial_leaf_blight,ADT45,72
augmented/101647_aug_1.jpg,bacterial_leaf_blight,ADT45,72
augmented/101647_aug_2.jpg,bacterial_leaf_blight,ADT45,72
augmented/106089_aug_0.jpg,bacterial_leaf_blight,ADT45,50
augmented/106089_aug_1.jpg,bacterial_leaf_blight,ADT45,50
augmented/106089_aug_2.jpg,bacterial_leaf_blight,ADT45,50
augmented/106984_aug_0.jpg,bacterial_leaf_blight,ADT45,72
augmented/106984_aug_1.jpg,bacterial_leaf_blight,ADT45,72
augmented/106984_aug_2.jpg,bacterial_leaf_blight,ADT45,72
augmented/101798_aug_0.jpg,bacterial_leaf_blight,ADT45,55
augmented/101798_aug_1.jpg,bacterial_leaf_blight,ADT45,55
augmented/101798_aug_2.jpg,bacterial_leaf_blight,ADT45,55
augmented/102353_aug_0.jpg,bacterial_leaf_blight,ADT45,45
augmented/102353_aug_1.jpg,bacterial_leaf_blight,ADT45,45
augmented/102353_aug_2.jpg,bacterial_leaf_blight,ADT45,45
augmented/102544_aug_0.jpg,bacterial_leaf_blight,ADT45,55
augmented/102544_aug_1.jpg,bacterial_leaf_blight,ADT45,55
augmented/102544_aug_2.jpg,bacterial_leaf_blight,ADT45,55
augmented/108696_aug_0.jpg,bacterial_leaf_blight,ADT45,60
augmented/108696_aug_1.jpg,bacterial_leaf_blight,ADT45,60
augmented/108696_aug_2.jpg,bacterial_leaf_blight,ADT45,60
augmented/101553_aug_0.jpg,bacterial_leaf_blight,ADT45,60
augmented/101553_aug_1.jpg,bacterial_leaf_blight,ADT45,60
augmented/101553_aug_2.jpg,bacterial_leaf_blight,ADT45,60
augmented/106599_aug_0.jpg,bacterial_leaf_blight,Ponni,47
augmented/106599_aug_1.jpg,bacterial_leaf_blight,Ponni,47
augmented/106599_aug_2.jpg,bacterial_leaf_blight,Ponni,47
augmented/109428_aug_0.jpg,bacterial_leaf_blight,ADT45,72
augmented/109428_aug_1.jpg,bacterial_leaf_blight,ADT45,72
augmented/109428_aug_2.jpg,bacterial_leaf_blight,ADT45,72
augmented/103127_aug_0.jpg,bacterial_leaf_blight,KarnatakaPonni,50
augmented/103127_aug_1.jpg,bacterial_leaf_blight,KarnatakaPonni,50
augmented/103127_aug_2.jpg,bacterial_leaf_blight,KarnatakaPonni,50
augmented/107104_aug_0.jpg,bacterial_leaf_blight,KarnatakaPonni,50
augmented/107104_aug_1.jpg,bacterial_leaf_blight,KarnatakaPonni,50
augmented/107104_aug_2.jpg,bacterial_leaf_blight,KarnatakaPonni,50
augmented/105151_aug_0.jpg,bacterial_leaf_blight,ADT45,72
augmented/105151_aug_1.jpg,bacterial_leaf_blight,ADT45,72
augmented/105151_aug_2.jpg,bacterial_leaf_blight,ADT45,72
augmented/101809_aug_0.jpg,bacterial_leaf_blight,ADT45,72
augmented/101809_aug_1.jpg,bacterial_leaf_blight,ADT45,72
augmented/101809_aug_2.jpg,bacterial_leaf_blight,ADT45,72
augmented/105561_aug_0.jpg,bacterial_leaf_blight,ADT45,55
augmented/105561_aug_1.jpg,bacterial_leaf_blight,ADT45,55
augmented/105561_aug_2.jpg,bacterial_leaf_blight,ADT45,55
augmented/105522_aug_0.jpg,bacterial_leaf_blight,Ponni,47
augmented/105522_aug_1.jpg,bacterial_leaf_blight,Ponni,47
augmented/105522_aug_2.jpg,bacterial_leaf_blight,Ponni,47
augmented/108078_aug_0.jpg,bacterial_leaf_blight,ADT45,55
augmented/108078_aug_1.jpg,bacterial_leaf_blight,ADT45,55
augmented/108078_aug_2.jpg,bacterial_leaf_blight,ADT45,55
augmented/100523_aug_0.jpg,bacterial_leaf_blight,ADT45,55
augmented/100523_aug_1.jpg,bacterial_leaf_blight,ADT45,55
augmented/100523_aug_2.jpg,bacterial_leaf_blight,ADT45,55
augmented/107162_aug_0.jpg,bacterial_leaf_blight,ADT45,72
augmented/107162_aug_1.jpg,bacterial_leaf_blight,ADT45,72
augmented/107162_aug_2.jpg,bacterial_leaf_blight,ADT45,72
augmented/101467_aug_0.jpg,bacterial_leaf_blight,ADT45,68
augmented/101467_aug_1.jpg,bacterial_leaf_blight,ADT45,68
augmented/101467_aug_2.jpg,bacterial_leaf_blight,ADT45,68
augmented/107021_aug_0.jpg,bacterial_leaf_blight,ADT45,70
augmented/107021_aug_1.jpg,bacterial_leaf_blight,ADT45,70
augmented/107021_aug_2.jpg,bacterial_leaf_blight,ADT45,70
augmented/102238_aug_0.jpg,bacterial_leaf_blight,ADT45,72
augmented/102238_aug_1.jpg,bacterial_leaf_blight,ADT45,72
augmented/102238_aug_2.jpg,bacterial_leaf_blight,ADT45,72
augmented/108522_aug_0.jpg,bacterial_leaf_blight,ADT45,72
augmented/108522_aug_1.jpg,bacterial_leaf_blight,ADT45,72
augmented/108522_aug_2.jpg,bacterial_leaf_blight,ADT45,72
augmented/101198_aug_0.jpg,bacterial_leaf_blight,ADT45,55
augmented/101198_aug_1.jpg,bacterial_leaf_blight,ADT45,55
augmented/101198_aug_2.jpg,bacterial_leaf_blight,ADT45,55
augmented/104937_aug_0.jpg,bacterial_leaf_blight,ADT45,55
augmented/104937_aug_1.jpg,bacterial_leaf_blight,ADT45,55
augmented/104937_aug_2.jpg,bacterial_leaf_blight,ADT45,55
augmented/109768_aug_0.jpg,bacterial_leaf_blight,ADT45,72
augmented/109768_aug_1.jpg,bacterial_leaf_blight,ADT45,72
augmented/109768_aug_2.jpg,bacterial_leaf_blight,ADT45,72
